AquaCrop,5.0,(October,2015),-,Output,created,on,(date),:,7/31/2017,at,(time),:,2:05:44,AM

Day,Month,Year,DAP,Stage,WC(1.20),Rain,Irri,Surf,Infilt,RO,Drain,CR,Zgwt,Ex,E,E/Ex,Trx,Tr,Tr/Trx,ETx,ET,ET/ETx,GD,Z,StExp,StSto,StSen,StSalt,CC,Kc(Tr),Trx,Tr,Tr/Trx,WP,StBio,Biomass,HI,Yield,Brelative,WPet,WC(1.20),Wr(1.00),Z,Wr,Wr(SAT),Wr(FC),Wr(exp),Wr(sto),Wr(sen),Wr(PWP),SaltIn,SaltOut,SaltUp,Salt(1.20),SaltZ,Z,ECe,ECsw,StSalt,Zgwt,ECgw,WC1,WC2,WC3,WC4,WC5,WC6,WC7,WC8,WC9,WC10,WC11,WC12,ECe1,ECe2,ECe3,ECe4,ECe5,ECe6,ECe7,ECe8,ECe9,ECe10,ECe11,ECe12,Rain,ETo,Tmin,Tavg,Tmax,CO2
d,m,y,d,none,mm,mm,mm,mm,mm,mm,mm,mm,m,mm,mm,%,mm,mm,%,mm,mm,%,°C-day,m,%,%,%,%,%,-,mm,mm,%,g/m2,%,ton/ha,%,ton/ha,%,kg/m3,mm,mm,m,mm,mm,mm,mm,mm,mm,mm,ton/ha,ton/ha,ton/ha,ton/ha,ton/ha,m,dS/m,dS/m,%,m,dS/m,0.05,0.15,0.25,0.35,0.45,0.55,0.65,0.75,0.85,0.95,1.05,1.15,0.05,0.15,0.25,0.35,0.45,0.55,0.65,0.75,0.85,0.95,1.05,1.15,mm,mm,°C,°C,°C,ppm
22,3,2000,1,1,267.5,0.0,0.0,0.0,0.0,0.0,0.0,0.0,-9.90,2.9,2.5,88,0.0,0.0,100,2.9,2.5,88,1.4,0.30,-9,-9,-9,0,0.0,0.00,0.0,0.0,100,0.0,0,0.000,-9.9,0.000,-9,0.00,267.5,237.5,0.30,87.5,150.0,90.0,81.0,55.7,48.0,30.0,0.000,0.000,0.000,0.000,0.000,0.30,0.00,0.00,0,-0.09,-9.00,27.5,30.0,30.0,28.7,26.2,23.7,21.2,18.7,16.2,15.0,15.0,15.0,0.0,0.0,0.0,0.0,0.0,0.0,0.0,0.0,0.0,0.0,0.0,0.0,0.0,2.6,1.8,8.4,15.0,369.41
23,3,2000,2,1,266.2,0.0,2.0,0.0,2.0,0.0,0.0,0.0,-9.90,3.4,3.3,97,0.0,0.0,100,3.4,3.3,97,3.5,0.30,-9,-9,-9,0,0.0,0.00,0.0,0.0,100,0.0,0,0.000,-9.9,0.000,-9,0.00,266.2,236.2,0.30,86.2,150.0,90.0,81.0,57.2,48.0,30.0,0.000,0.000,0.000,0.000,0.000,0.30,0.00,0.00,0,-0.09,-9.00,26.2,30.0,30.0,28.8,26.2,23.7,21.2,18.7,16.2,15.0,15.0,15.0,0.0,0.0,0.0,0.0,0.0,0.0,0.0,0.0,0.0,0.0,0.0,0.0,0.0,3.4,0.0,10.5,21.0,369.41
24,3,2000,3,1,265.3,0.0,2.0,0.0,2.0,0.0,0.0,0.0,-9.90,3.0,2.9,97,0.0,0.0,100,3.0,2.9,97,3.9,0.30,-9,-9,-9,0,0.0,0.00,0.0,0.0,100,0.0,0,0.000,-9.9,0.000,-9,0.00,265.3,235.3,0.30,85.3,150.0,90.0,81.0,55.9,48.0,30.0,0.000,0.000,0.000,0.000,0.000,0.30,0.00,0.00,0,-0.09,-9.00,25.3,30.0,30.0,28.8,26.2,23.7,21.2,18.7,16.2,15.0,15.0,15.0,0.0,0.0,0.0,0.0,0.0,0.0,0.0,0.0,0.0,0.0,0.0,0.0,0.0,2.7,2.8,10.9,19.0,369.41
25,3,2000,4,1,264.5,0.0,2.0,0.0,2.0,0.0,0.0,0.0,-9.90,2.9,2.8,97,0.0,0.0,100,2.9,2.8,97,6.0,0.30,-9,-9,-9,0,0.0,0.00,0.0,0.0,100,0.0,0,0.000,-9.9,0.000,-9,0.00,264.5,234.5,0.30,84.5,150.0,90.0,81.0,55.9,48.0,30.0,0.000,0.000,0.000,0.000,0.000,0.30,0.00,0.00,0,-0.09,-9.00,24.5,30.0,30.0,28.8,26.2,23.7,21.2,18.7,16.2,15.0,15.0,15.0,0.0,0.0,0.0,0.0,0.0,0.0,0.0,0.0,0.0,0.0,0.0,0.0,0.0,2.7,6.0,13.0,20.0,369.41
26,3,2000,5,2,264.7,0.6,2.0,0.0,2.6,0.0,0.0,0.0,-9.90,2.4,2.4,100,0.0,0.0,100,2.4,2.4,100,8.0,0.33,-9,0,0,0,0.8,0.01,0.0,0.0,100,18.0,0,0.003,-9.9,0.000,100,0.00,264.7,234.7,0.33,92.3,163.2,97.9,81.3,59.9,48.1,32.6,0.000,0.000,0.000,0.000,0.000,0.33,0.00,0.00,0,-0.09,-9.00,24.7,30.0,30.0,28.8,26.2,23.7,21.2,18.7,16.2,15.0,15.0,15.0,0.0,0.0,0.0,0.0,0.0,0.0,0.0,0.0,0.0,0.0,0.0,0.0,0.6,2.2,10.0,15.0,20.0,369.41
27,3,2000,6,2,265.2,0.8,2.0,0.0,2.8,0.0,0.0,0.0,-9.90,2.3,2.3,100,0.0,0.0,100,2.3,2.3,100,6.8,0.35,0,0,0,0,0.9,0.02,0.0,0.0,100,18.0,0,0.005,-9.9,0.000,100,0.00,265.2,235.2,0.35,99.9,175.5,105.3,87.2,64.2,51.5,35.1,0.000,0.000,0.000,0.000,0.000,0.35,0.00,0.00,0,-0.09,-9.00,25.2,30.0,30.0,28.8,26.2,23.7,21.2,18.7,16.2,15.0,15.0,15.0,0.0,0.0,0.0,0.0,0.0,0.0,0.0,0.0,0.0,0.0,0.0,0.0,0.8,2.1,10.0,13.8,17.5,369.41
28,3,2000,7,2,264.5,0.0,2.0,0.0,2.0,0.0,0.0,0.0,-9.90,2.7,2.7,99,0.1,0.1,100,2.8,2.7,99,8.6,0.37,0,0,0,0,1.0,0.02,0.1,0.1,100,18.0,0,0.009,-9.9,0.000,100,0.00,264.5,234.5,0.37,105.7,186.9,112.1,94.7,69.9,56.1,37.4,0.000,0.000,0.000,0.000,0.000,0.37,0.00,0.00,0,-0.09,-9.00,24.5,30.0,30.0,28.8,26.2,23.7,21.2,18.7,16.2,15.0,15.0,15.0,0.0,0.0,0.0,0.0,0.0,0.0,0.0,0.0,0.0,0.0,0.0,0.0,0.0,2.8,9.0,15.6,22.1,369.41
29,3,2000,8,2,263.3,0.0,2.0,0.0,2.0,0.0,0.0,0.0,-9.90,3.2,3.1,97,0.1,0.1,100,3.3,3.2,97,8.6,0.39,0,0,0,0,1.1,0.02,0.1,0.1,100,18.0,0,0.012,-9.9,0.000,100,0.00,263.3,233.3,0.39,110.5,197.4,118.5,101.6,75.0,60.1,39.5,0.000,0.000,0.000,0.000,0.000,0.39,0.00,0.00,0,-0.09,-9.00,23.3,30.0,30.0,28.8,26.2,23.7,21.2,18.7,16.2,15.0,15.0,15.0,0.0,0.0,0.0,0.0,0.0,0.0,0.0,0.0,0.0,0.0,0.0,0.0,0.0,3.3,8.2,15.6,23.0,369.41
30,3,2000,9,2,262.2,0.0,2.0,0.0,2.0,0.0,0.0,0.0,-9.90,3.1,3.0,97,0.1,0.1,100,3.2,3.1,97,6.0,0.41,0,0,0,0,1.2,0.02,0.1,0.1,100,18.0,0,0.017,-9.9,0.000,100,0.00,262.2,232.2,0.41,114.8,207.4,124.5,105.8,78.1,62.6,41.5,0.000,0.000,0.000,0.000,0.000,0.41,0.00,0.00,0,-0.09,-9.00,22.2,30.0,30.0,28.8,26.2,23.7,21.2,18.7,16.2,15.0,15.0,15.0,0.0,0.0,0.0,0.0,0.0,0.0,0.0,0.0,0.0,0.0,0.0,0.0,0.0,3.0,7.0,13.0,19.0,369.41
31,3,2000,10,2,260.9,0.0,2.0,0.0,2.0,0.0,0.0,0.0,-9.90,3.3,3.2,97,0.1,0.1,100,3.4,3.3,97,4.3,0.43,0,0,0,0,1.4,0.03,0.1,0.1,100,18.0,0,0.021,-9.9,0.000,100,0.00,260.9,230.9,0.43,118.5,217.0,130.2,112.0,82.7,66.3,43.4,0.000,0.000,0.000,0.000,0.000,0.43,0.00,0.00,0,-0.09,-9.00,20.9,30.0,30.0,28.8,26.2,23.7,21.2,18.7,16.2,15.0,15.0,15.0,0.0,0.0,0.0,0.0,0.0,0.0,0.0,0.0,0.0,0.0,0.0,0.0,0.0,3.4,2.5,11.3,20.0,369.41
1,4,2000,11,2,259.7,0.0,2.0,0.0,2.0,0.0,0.0,0.0,-9.90,3.2,3.1,97,0.1,0.1,100,3.3,3.2,97,6.0,0.45,0,0,0,0,1.6,0.03,0.1,0.1,100,18.0,0,0.027,-9.9,0.000,100,0.00,259.7,229.7,0.45,122.2,226.1,135.7,116.0,85.6,68.7,45.2,0.000,0.000,0.000,0.000,0.000,0.45,0.00,0.00,0,-0.09,-9.00,19.7,30.0,30.0,28.8,26.2,23.7,21.2,18.7,16.2,15.0,15.0,15.0,0.0,0.0,0.0,0.0,0.0,0.0,0.0,0.0,0.0,0.0,0.0,0.0,0.0,3.2,6.0,13.0,20.0,369.41
2,4,2000,12,2,258.6,0.0,2.0,0.0,2.0,0.0,0.0,0.0,-9.90,3.4,3.0,90,0.1,0.1,100,3.5,3.1,90,4.6,0.47,0,0,0,0,1.8,0.03,0.1,0.1,100,18.0,0,0.033,-9.9,0.000,100,0.00,258.6,228.6,0.47,125.7,234.9,141.0,121.6,89.8,72.0,47.0,0.000,0.000,0.000,0.000,0.000,0.47,0.00,0.00,0,-0.09,-9.00,18.6,30.0,30.0,28.8,26.2,23.7,21.2,18.7,16.2,15.0,15.0,15.0,0.0,0.0,0.0,0.0,0.0,0.0,0.0,0.0,0.0,0.0,0.0,0.0,0.0,3.5,3.0,11.6,20.2,369.41
3,4,2000,13,2,259.0,0.4,2.0,0.0,2.4,0.0,0.0,0.0,-9.90,1.9,1.9,100,0.1,0.1,100,2.0,2.0,100,5.5,0.49,0,0,0,0,2.0,0.04,0.1,0.1,100,18.0,0,0.039,-9.9,0.000,100,0.00,259.0,229.0,0.49,130.6,243.5,146.1,119.8,88.2,70.8,48.7,0.000,0.000,0.000,0.000,0.000,0.49,0.00,0.00,0,-0.09,-9.00,19.0,30.0,30.0,28.8,26.2,23.7,21.2,18.7,16.2,15.0,15.0,15.0,0.0,0.0,0.0,0.0,0.0,0.0,0.0,0.0,0.0,0.0,0.0,0.0,0.4,1.8,9.0,12.5,16.0,369.41
4,4,2000,14,2,258.1,0.0,2.0,0.0,2.0,0.0,0.0,0.0,-9.90,3.0,2.7,89,0.1,0.1,100,3.2,2.8,89,10.3,0.50,0,0,0,0,2.3,0.04,0.1,0.1,100,18.0,0,0.047,-9.9,0.000,100,0.00,258.1,228.1,0.50,134.0,251.7,151.0,129.1,95.3,76.4,50.3,0.000,0.000,0.000,0.000,0.000,0.50,0.00,0.00,0,-0.09,-9.00,18.1,30.0,30.0,28.8,26.2,23.7,21.2,18.7,16.2,15.0,15.0,15.0,0.0,0.0,0.0,0.0,0.0,0.0,0.0,0.0,0.0,0.0,0.0,0.0,0.0,3.2,11.5,17.3,23.0,369.41
5,4,2000,15,2,257.4,0.0,2.0,0.0,2.0,0.0,0.0,0.0,-9.90,3.0,2.6,86,0.2,0.2,100,3.2,2.7,86,8.8,0.52,0,0,0,0,2.6,0.05,0.2,0.2,100,18.0,0,0.056,-9.9,0.000,100,0.00,257.4,227.4,0.52,137.0,259.8,155.9,133.3,98.4,78.9,52.0,0.000,0.000,0.000,0.000,0.000,0.52,0.00,0.00,0,-0.09,-9.00,17.4,30.0,30.0,28.8,26.2,23.7,21.2,18.7,16.2,15.0,15.0,15.0,0.0,0.0,0.0,0.0,0.0,0.0,0.0,0.0,0.0,0.0,0.0,0.0,0.0,3.2,11.5,15.8,20.0,369.41
6,4,2000,16,2,257.1,0.4,2.0,0.0,2.4,0.0,0.0,0.0,-9.90,2.7,2.5,92,0.2,0.2,100,2.9,2.7,92,7.8,0.54,0,0,0,0,2.9,0.05,0.2,0.2,100,18.0,0,0.065,-9.9,0.000,100,0.00,257.1,227.1,0.54,140.5,267.6,160.6,136.1,100.4,80.5,53.5,0.000,0.000,0.000,0.000,0.000,0.54,0.00,0.00,0,-0.09,-9.00,17.1,30.0,30.0,28.8,26.2,23.7,21.2,18.7,16.2,15.0,15.0,15.0,0.0,0.0,0.0,0.0,0.0,0.0,0.0,0.0,0.0,0.0,0.0,0.0,0.4,2.9,10.5,14.8,19.0,369.41
7,4,2000,17,2,257.0,0.2,2.0,0.0,2.2,0.0,0.0,0.0,-9.90,2.3,2.2,94,0.1,0.1,100,2.4,2.3,95,2.3,0.55,0,0,0,0,3.3,0.06,0.1,0.1,100,18.0,0,0.076,-9.9,0.000,100,0.00,257.0,227.0,0.55,144.0,275.3,165.2,137.1,101.0,81.1,55.1,0.000,0.000,0.000,0.000,0.000,0.55,0.00,0.00,0,-0.09,-9.00,17.0,30.0,30.0,28.8,26.2,23.7,21.2,18.7,16.2,15.0,15.0,15.0,0.0,0.0,0.0,0.0,0.0,0.0,0.0,0.0,0.0,0.0,0.0,0.0,0.2,2.2,5.0,9.3,13.5,369.41
8,4,2000,18,2,257.1,0.0,3.0,0.0,3.0,0.0,0.0,0.0,-9.90,2.8,2.7,99,0.2,0.2,100,3.0,3.0,99,2.0,0.57,0,0,0,0,3.7,0.07,0.2,0.2,100,18.0,0,0.089,-9.9,0.000,100,0.00,257.1,227.1,0.57,147.6,282.8,169.7,144.2,106.4,85.3,56.6,0.000,0.000,0.000,0.000,0.000,0.57,0.00,0.00,0,-0.09,-9.00,17.1,30.0,30.0,28.8,26.2,23.7,21.2,18.7,16.2,15.0,15.0,15.0,0.0,0.0,0.0,0.0,0.0,0.0,0.0,0.0,0.0,0.0,0.0,0.0,0.0,3.0,3.0,9.0,15.0,369.41
9,4,2000,19,2,257.7,0.0,3.0,0.0,3.0,0.0,0.0,0.0,-9.90,2.2,2.2,100,0.2,0.2,100,2.4,2.4,100,0.8,0.58,0,0,0,0,4.2,0.08,0.2,0.2,100,18.0,0,0.103,-9.9,0.000,100,0.00,257.7,227.7,0.58,151.7,290.1,174.1,144.5,106.4,85.4,58.0,0.000,0.000,0.000,0.000,0.000,0.58,0.00,0.00,0,-0.09,-9.00,17.7,30.0,30.0,28.8,26.2,23.7,21.2,18.7,16.2,15.0,15.0,15.0,0.0,0.0,0.0,0.0,0.0,0.0,0.0,0.0,0.0,0.0,0.0,0.0,0.0,2.2,1.0,7.8,14.5,369.41
10,4,2000,20,2,259.9,0.8,3.0,0.0,3.8,0.0,0.0,0.0,-9.90,1.4,1.4,100,0.1,0.1,100,1.5,1.5,100,3.1,0.59,0,0,0,0,4.8,0.09,0.1,0.1,100,18.0,0,0.119,-9.9,0.000,100,0.00,259.9,229.9,0.59,157.4,297.3,178.4,144.5,106.2,85.4,59.5,0.000,0.000,0.000,0.000,0.000,0.59,0.00,0.00,0,-0.09,-9.00,19.9,30.0,30.0,28.8,26.2,23.7,21.2,18.7,16.2,15.0,15.0,15.0,0.0,0.0,0.0,0.0,0.0,0.0,0.0,0.0,0.0,0.0,0.0,0.0,0.8,1.4,8.0,10.1,12.1,369.41
11,4,2000,21,2,260.3,0.2,3.0,0.0,3.2,0.0,0.0,0.0,-9.90,2.5,2.5,100,0.3,0.3,100,2.8,2.8,100,5.9,0.61,0,0,0,0,5.4,0.10,0.3,0.3,100,18.0,0,0.136,-9.9,0.000,100,0.00,260.3,230.3,0.61,160.9,304.3,182.6,154.3,113.8,91.3,60.9,0.000,0.000,0.000,0.000,0.000,0.61,0.00,0.00,0,-0.09,-9.00,20.3,30.0,30.0,28.8,26.2,23.7,21.2,18.7,16.2,15.0,15.0,15.0,0.0,0.0,0.0,0.0,0.0,0.0,0.0,0.0,0.0,0.0,0.0,0.0,0.2,2.8,6.8,12.9,19.0,369.41
12,4,2000,22,2,259.6,0.0,3.0,0.0,3.0,0.0,0.0,0.0,-9.90,3.4,3.3,98,0.4,0.4,100,3.8,3.7,98,7.3,0.62,0,0,0,0,6.1,0.11,0.4,0.4,100,18.0,0,0.156,-9.9,0.000,100,0.00,259.6,229.6,0.62,163.1,311.3,186.8,162.5,120.1,96.2,62.3,0.000,0.000,0.000,0.000,0.000,0.62,0.00,0.00,0,-0.09,-9.00,19.6,30.0,30.0,28.8,26.2,23.7,21.2,18.7,16.2,15.0,15.0,15.0,0.0,0.0,0.0,0.0,0.0,0.0,0.0,0.0,0.0,0.0,0.0,0.0,0.0,3.8,6.5,14.3,22.0,369.41
13,4,2000,23,2,258.9,0.0,3.0,0.0,3.0,0.0,0.0,0.0,-9.90,3.3,3.2,97,0.5,0.5,100,3.8,3.7,97,10.0,0.64,0,0,0,0,6.9,0.13,0.5,0.5,100,18.0,0,0.179,-9.9,0.000,100,0.00,258.9,228.9,0.64,165.4,318.1,190.9,165.1,122.0,97.7,63.6,0.000,0.000,0.000,0.000,0.000,0.64,0.00,0.00,0,-0.09,-9.00,18.9,30.0,30.0,28.8,26.2,23.7,21.2,18.7,16.2,15.0,15.0,15.0,0.0,0.0,0.0,0.0,0.0,0.0,0.0,0.0,0.0,0.0,0.0,0.0,0.0,3.6,12.0,17.0,22.0,369.41
14,4,2000,24,2,258.8,0.0,3.0,0.0,3.0,0.0,0.0,0.0,-9.90,2.8,2.8,99,0.4,0.4,100,3.2,3.2,99,9.3,0.65,0,0,0,0,7.8,0.14,0.4,0.4,100,18.0,0,0.204,-9.9,0.000,100,0.00,258.8,228.8,0.65,168.0,324.8,194.9,165.2,121.8,97.7,65.0,0.000,0.000,0.000,0.000,0.000,0.65,0.00,0.00,0,-0.09,-9.00,18.8,30.0,30.0,28.8,26.2,23.7,21.2,18.7,16.2,15.0,15.0,15.0,0.0,0.0,0.0,0.0,0.0,0.0,0.0,0.0,0.0,0.0,0.0,0.0,0.0,2.9,10.5,16.3,22.0,369.41
15,4,2000,25,2,258.5,0.0,3.0,0.0,3.0,0.0,0.0,0.0,-9.90,2.8,2.8,99,0.5,0.5,100,3.3,3.3,99,10.8,0.66,0,0,0,0,8.8,0.16,0.5,0.5,100,18.0,0,0.233,-9.9,0.000,100,0.00,258.5,228.5,0.66,170.6,331.4,198.8,170.5,125.9,100.9,66.3,0.000,0.000,0.000,0.000,0.000,0.66,0.00,0.00,0,-0.09,-9.00,18.5,30.0,30.0,28.8,26.2,23.7,21.2,18.7,16.2,15.0,15.0,15.0,0.0,0.0,0.0,0.0,0.0,0.0,0.0,0.0,0.0,0.0,0.0,0.0,0.0,3.3,11.0,17.8,24.5,369.41
16,4,2000,26,2,257.5,0.0,3.0,0.0,3.0,0.0,0.0,0.0,-9.90,3.5,3.2,93,0.7,0.7,100,4.2,4.0,94,10.5,0.68,1,0,0,0,9.9,0.18,0.7,0.7,100,18.0,0,0.265,-9.9,0.000,100,0.00,257.5,227.5,0.68,172.3,337.9,202.8,178.4,132.0,105.7,67.6,0.000,0.000,0.000,0.000,0.000,0.68,0.00,0.00,0,-0.09,-9.00,17.5,30.0,30.0,28.8,26.2,23.7,21.2,18.7,16.2,15.0,15.0,15.0,0.0,0.0,0.0,0.0,0.0,0.0,0.0,0.0,0.0,0.0,0.0,0.0,0.0,4.2,9.0,17.5,26.0,369.41
17,4,2000,27,2,256.7,0.0,3.0,0.0,3.0,0.0,0.0,0.0,-9.90,3.2,3.0,93,0.8,0.8,100,4.0,3.8,95,8.3,0.69,1,0,0,0,11.2,0.20,0.8,0.8,100,18.0,0,0.300,-9.9,0.000,100,0.00,256.7,226.7,0.69,174.3,344.4,206.6,180.3,133.3,106.7,68.9,0.000,0.000,0.000,0.000,0.000,0.69,0.00,0.00,0,-0.09,-9.00,16.7,30.0,30.0,28.8,26.2,23.7,21.2,18.7,16.2,15.0,15.0,15.0,0.0,0.0,0.0,0.0,0.0,0.0,0.0,0.0,0.0,0.0,0.0,0.0,0.0,3.9,7.0,15.3,23.5,369.41
18,4,2000,28,2,257.3,0.0,3.0,0.0,3.0,0.0,0.0,0.0,-9.90,1.8,1.8,100,0.5,0.5,100,2.3,2.3,100,7.5,0.70,0,0,0,0,12.7,0.22,0.5,0.5,100,18.0,0,0.341,-9.9,0.000,100,0.00,257.3,227.3,0.70,177.6,350.7,210.4,174.1,128.2,103.0,70.1,0.000,0.000,0.000,0.000,0.000,0.70,0.00,0.00,0,-0.09,-9.00,17.3,30.0,30.0,28.8,26.2,23.7,21.2,18.7,16.2,15.0,15.0,15.0,0.0,0.0,0.0,0.0,0.0,0.0,0.0,0.0,0.0,0.0,0.0,0.0,0.0,2.1,11.0,14.5,18.0,369.41
19,4,2000,29,2,257.2,0.0,3.0,0.0,3.0,0.0,0.0,0.0,-9.90,2.4,2.4,100,0.8,0.8,100,3.1,3.1,100,9.0,0.71,0,0,0,0,14.4,0.25,0.8,0.8,100,18.0,0,0.386,-9.9,0.000,100,0.00,257.2,227.2,0.71,179.8,357.0,214.2,182.6,134.7,108.1,71.4,0.000,0.000,0.000,0.000,0.000,0.71,0.00,0.00,0,-0.09,-9.00,17.2,30.0,30.0,28.8,26.2,23.7,21.2,18.7,16.2,15.0,15.0,15.0,0.0,0.0,0.0,0.0,0.0,0.0,0.0,0.0,0.0,0.0,0.0,0.0,0.0,3.1,11.5,16.0,20.5,369.41
20,4,2000,30,2,257.2,0.0,3.0,0.0,3.0,0.0,0.0,0.0,-9.90,2.2,2.2,100,0.8,0.8,100,3.0,3.0,100,10.5,0.73,0,0,0,0,16.2,0.28,0.8,0.8,100,18.0,0,0.436,-9.9,0.000,100,0.00,257.2,227.2,0.73,182.2,363.1,217.9,183.6,135.4,108.6,72.6,0.000,0.000,0.000,0.000,0.000,0.73,0.00,0.00,0,-0.09,-9.00,17.2,30.0,30.0,28.8,26.2,23.7,21.2,18.7,16.2,15.0,15.0,15.0,0.0,0.0,0.0,0.0,0.0,0.0,0.0,0.0,0.0,0.0,0.0,0.0,0.0,2.7,12.5,17.5,22.5,369.41
21,4,2000,31,2,256.3,0.0,3.0,0.0,3.0,0.0,0.0,0.0,-9.90,2.7,2.7,100,1.2,1.2,100,3.9,3.9,100,11.6,0.74,2,0,0,0,18.3,0.31,1.2,1.2,100,18.0,0,0.492,-9.9,0.000,100,0.00,256.3,226.3,0.74,183.6,369.2,221.5,192.8,142.5,114.1,73.8,0.000,0.000,0.000,0.000,0.000,0.74,0.00,0.00,0,-0.09,-9.00,16.3,30.0,30.0,28.8,26.2,23.7,21.2,18.7,16.2,15.0,15.0,15.0,0.0,0.0,0.0,0.0,0.0,0.0,0.0,0.0,0.0,0.0,0.0,0.0,0.0,3.8,12.5,18.6,24.8,369.41
22,4,2000,32,2,255.0,0.0,3.0,0.0,3.0,0.0,0.0,0.0,-9.90,2.9,2.8,97,1.5,1.5,100,4.4,4.3,98,12.5,0.75,3,0,0,0,20.6,0.35,1.5,1.5,100,18.0,0,0.554,-9.9,0.000,100,0.00,255.0,225.0,0.75,184.5,375.3,225.2,198.7,147.0,117.7,75.1,0.000,0.000,0.000,0.000,0.000,0.75,0.00,0.00,0,-0.09,-9.00,15.0,30.0,30.0,28.8,26.2,23.7,21.2,18.7,16.2,15.0,15.0,15.0,0.0,0.0,0.0,0.0,0.0,0.0,0.0,0.0,0.0,0.0,0.0,0.0,0.0,4.3,11.0,19.5,28.0,369.41
23,4,2000,33,2,253.3,0.0,3.0,0.0,3.0,0.0,0.0,0.0,-9.90,3.2,2.9,92,1.9,1.9,100,5.0,4.8,95,12.3,0.76,6,0,0,0,23.2,0.38,1.9,1.9,100,18.0,0,0.623,-9.9,0.000,100,0.00,253.3,223.3,0.76,185.0,381.3,228.8,205.3,152.1,121.7,76.3,0.000,0.000,0.000,0.000,0.000,0.76,0.00,0.00,0,-0.09,-9.00,13.3,30.0,30.0,28.8,26.2,23.7,21.2,18.7,16.2,15.0,15.0,15.0,0.0,0.0,0.0,0.0,0.0,0.0,0.0,0.0,0.0,0.0,0.0,0.0,0.0,4.9,10.5,20.6,30.8,369.41
24,4,2000,34,2,252.3,0.0,3.0,0.0,3.0,0.0,0.0,0.0,-9.90,2.4,2.4,100,1.5,1.5,100,4.0,4.0,100,11.9,0.77,4,0,0,0,26.1,0.42,1.5,1.5,100,18.0,0,0.700,-9.9,0.000,100,0.00,252.3,222.3,0.77,186.2,387.2,232.3,200.9,148.4,119.0,77.4,0.000,0.000,0.000,0.000,0.000,0.77,0.00,0.00,0,-0.09,-9.00,12.3,30.0,30.0,28.8,26.2,23.7,21.2,18.7,16.2,15.0,15.0,15.0,0.0,0.0,0.0,0.0,0.0,0.0,0.0,0.0,0.0,0.0,0.0,0.0,0.0,3.6,16.0,18.9,21.8,369.41
25,4,2000,35,3,251.0,0.0,3.0,0.0,3.0,0.0,0.0,0.0,-9.90,2.4,2.4,100,1.9,1.9,100,4.4,4.4,100,7.9,0.79,6,0,0,0,29.3,0.47,1.9,1.9,100,18.0,0,0.784,-9.9,0.000,99,0.00,251.0,221.0,0.79,187.1,393.0,235.8,206.9,153.0,122.6,78.6,0.000,0.000,0.000,0.000,0.000,0.79,0.00,0.00,0,-0.09,-9.00,11.3,29.7,30.0,28.8,26.2,23.7,21.2,18.7,16.2,15.0,15.0,15.0,0.0,0.0,0.0,0.0,0.0,0.0,0.0,0.0,0.0,0.0,0.0,0.0,0.0,4.1,7.8,14.9,22.0,369.41
26,4,2000,36,3,249.0,0.0,3.0,0.0,3.0,0.0,0.0,0.0,-9.90,2.5,2.5,100,2.5,2.5,100,5.0,5.0,100,9.5,0.80,10,0,0,0,32.7,0.51,2.5,2.5,100,18.0,0,0.876,-9.9,0.000,99,0.00,249.0,219.0,0.80,187.3,398.8,239.3,214.2,158.6,126.9,79.8,0.000,0.000,0.000,0.000,0.000,0.80,0.00,0.00,0,-0.09,-9.00,10.6,28.3,30.0,28.8,26.2,23.7,21.2,18.7,16.2,15.0,15.0,15.0,0.0,0.0,0.0,0.0,0.0,0.0,0.0,0.0,0.0,0.0,0.0,0.0,0.0,4.8,7.0,16.5,26.0,369.41
27,4,2000,37,3,247.0,0.0,3.0,0.0,3.0,0.0,0.0,0.0,-9.90,2.4,2.4,100,2.5,2.5,100,5.0,5.0,100,10.6,0.81,10,0,0,0,36.5,0.56,2.5,2.5,100,18.0,0,0.977,-9.9,0.000,99,0.00,247.0,217.0,0.81,187.2,404.5,242.7,215.4,159.4,127.6,80.9,0.000,0.000,0.000,0.000,0.000,0.81,0.00,0.00,0,-0.09,-9.00,10.4,26.6,30.0,28.8,26.2,23.7,21.2,18.7,16.2,15.0,15.0,15.0,0.0,0.0,0.0,0.0,0.0,0.0,0.0,0.0,0.0,0.0,0.0,0.0,0.0,4.5,8.0,17.6,27.2,369.41
28,4,2000,38,3,246.9,0.0,4.0,0.0,4.0,0.0,0.0,0.0,-9.90,1.8,1.8,100,2.3,2.3,100,4.1,4.1,100,12.0,0.82,8,0,0,0,40.6,0.61,2.3,2.3,100,18.0,0,1.087,1.5,0.016,99,0.01,246.9,216.9,0.82,189.0,410.2,246.1,213.5,157.8,126.4,82.0,0.000,0.000,0.000,0.000,0.000,0.82,0.00,0.00,0,-0.09,-9.00,11.0,25.9,30.0,28.8,26.2,23.7,21.2,18.7,16.2,15.0,15.0,15.0,0.0,0.0,0.0,0.0,0.0,0.0,0.0,0.0,0.0,0.0,0.0,0.0,0.0,3.7,11.0,19.0,27.0,369.41
29,4,2000,39,3,247.9,0.2,4.0,0.0,4.2,0.0,0.0,0.0,-9.90,1.3,1.3,100,1.9,1.9,100,3.2,3.2,100,10.3,0.83,6,0,0,0,44.3,0.65,1.9,1.9,100,18.0,0,1.204,1.7,0.021,98,0.02,247.9,217.9,0.83,191.8,415.8,249.5,211.5,156.0,125.1,83.2,0.000,0.000,0.000,0.000,0.000,0.83,0.00,0.00,0,-0.09,-9.00,12.0,25.9,30.0,28.8,26.2,23.7,21.2,18.7,16.2,15.0,15.0,15.0,0.0,0.0,0.0,0.0,0.0,0.0,0.0,0.0,0.0,0.0,0.0,0.0,0.2,2.9,11.0,17.3,23.5,369.41
30,4,2000,40,3,249.6,0.8,4.0,0.0,4.8,0.0,0.0,0.0,-9.90,1.2,1.2,100,2.0,2.0,100,3.2,3.2,100,9.4,0.84,6,0,0,0,47.7,0.69,2.0,2.0,100,18.0,0,1.327,2.0,0.026,98,0.02,249.6,219.6,0.84,195.3,421.4,252.9,214.3,158.1,126.8,84.3,0.000,0.000,0.000,0.000,0.000,0.84,0.00,0.00,0,-0.09,-9.00,13.7,25.9,30.0,28.8,26.2,23.7,21.2,18.7,16.2,15.0,15.0,15.0,0.0,0.0,0.0,0.0,0.0,0.0,0.0,0.0,0.0,0.0,0.0,0.0,0.8,2.9,11.8,16.4,21.0,369.41
1,5,2000,41,3,249.5,0.2,4.0,0.0,4.2,0.0,0.0,0.0,-9.90,1.4,1.4,100,2.9,2.9,100,4.2,4.2,100,9.8,0.85,9,0,0,0,50.5,0.72,2.9,2.9,100,18.0,0,1.457,2.3,0.033,98,0.02,249.5,219.5,0.85,197.0,427.0,256.2,224.2,165.7,132.7,85.4,0.000,0.000,0.000,0.000,0.000,0.85,0.00,0.00,0,-0.09,-9.00,14.1,25.4,30.0,28.8,26.2,23.7,21.2,18.7,16.2,15.0,15.0,15.0,0.0,0.0,0.0,0.0,0.0,0.0,0.0,0.0,0.0,0.0,0.0,0.0,0.2,4.0,10.0,16.8,23.6,369.41
2,5,2000,42,3,250.3,0.6,4.0,0.0,4.6,0.0,0.0,0.0,-9.90,1.2,1.2,100,2.6,2.6,100,3.9,3.9,100,8.4,0.86,8,0,0,0,53.1,0.74,2.6,2.6,100,18.0,0,1.591,2.6,0.041,98,0.03,250.3,220.3,0.86,199.5,432.4,259.5,223.8,165.3,132.5,86.5,0.000,0.000,0.000,0.000,0.000,0.86,0.00,0.00,0,-0.09,-9.00,15.0,25.2,30.0,28.8,26.2,23.7,21.2,18.7,16.2,15.0,15.0,15.0,0.0,0.0,0.0,0.0,0.0,0.0,0.0,0.0,0.0,0.0,0.0,0.0,0.6,3.5,8.9,15.4,22.0,369.41
3,5,2000,43,3,250.1,0.0,4.0,0.0,4.0,0.0,0.0,0.0,-9.90,1.2,1.2,100,2.9,2.9,100,4.2,4.2,100,11.0,0.88,9,0,0,0,55.4,0.77,2.9,2.9,100,18.0,0,1.729,2.9,0.051,98,0.04,250.1,220.1,0.88,201.2,437.9,262.7,228.6,168.9,135.3,87.6,0.000,0.000,0.000,0.000,0.000,0.88,0.00,0.00,0,-0.09,-9.00,15.3,24.8,30.0,28.8,26.2,23.7,21.2,18.7,16.2,15.0,15.0,15.0,0.0,0.0,0.0,0.0,0.0,0.0,0.0,0.0,0.0,0.0,0.0,0.0,0.0,3.8,11.5,18.0,24.5,369.41
4,5,2000,44,3,249.0,0.0,4.0,0.0,4.0,0.0,0.0,0.0,-9.90,1.4,1.4,100,3.8,3.8,100,5.1,5.1,100,11.9,0.89,14,0,0,0,57.4,0.79,3.8,3.8,100,18.0,0,1.870,3.4,0.063,98,0.04,249.0,219.0,0.89,201.8,443.3,266.0,238.0,176.3,141.0,88.7,0.000,0.000,0.000,0.000,0.000,0.89,0.00,0.00,0,-0.09,-9.00,15.5,23.5,30.0,28.8,26.2,23.7,21.2,18.7,16.2,15.0,15.0,15.0,0.0,0.0,0.0,0.0,0.0,0.0,0.0,0.0,0.0,0.0,0.0,0.0,0.0,4.8,10.6,18.9,27.2,369.41
5,5,2000,45,3,249.1,0.0,4.0,0.0,4.0,0.0,0.0,0.0,-9.90,1.0,1.0,100,2.8,2.8,100,3.9,3.9,100,11.5,0.90,10,0,0,0,59.2,0.80,2.8,2.8,100,18.0,0,2.015,3.8,0.077,98,0.05,249.1,219.1,0.90,203.7,448.6,269.2,232.2,171.5,137.4,89.7,0.000,0.000,0.000,0.000,0.000,0.90,0.00,0.00,0,-0.09,-9.00,15.9,23.2,30.0,28.8,26.2,23.7,21.2,18.7,16.2,15.0,15.0,15.0,0.0,0.0,0.0,0.0,0.0,0.0,0.0,0.0,0.0,0.0,0.0,0.0,0.0,3.5,12.0,18.5,25.0,369.41
6,5,2000,46,3,248.3,0.0,4.0,0.0,4.0,0.0,0.0,0.0,-9.90,1.1,1.1,100,3.7,3.7,100,4.8,4.8,100,12.5,0.91,15,0,0,0,60.8,0.82,3.7,3.7,100,18.0,0,2.162,4.4,0.094,98,0.06,248.3,218.3,0.91,204.5,453.9,272.3,241.7,178.9,143.2,90.8,0.000,0.000,0.000,0.000,0.000,0.91,0.00,0.00,0,-0.09,-9.00,16.2,22.1,30.0,28.8,26.2,23.7,21.2,18.7,16.2,15.0,15.0,15.0,0.0,0.0,0.0,0.0,0.0,0.0,0.0,0.0,0.0,0.0,0.0,0.0,0.0,4.5,12.0,19.5,27.0,369.41
7,5,2000,47,3,247.9,0.2,4.0,0.0,4.2,0.0,0.0,0.0,-9.90,1.1,1.1,100,3.5,3.5,100,4.6,4.6,100,12.1,0.92,15,0,0,0,62.2,0.83,3.5,3.5,100,18.0,0,2.311,5.0,0.115,98,0.07,247.9,217.9,0.92,205.6,459.2,275.5,242.4,179.3,143.6,91.8,0.000,0.000,0.000,0.000,0.000,0.92,0.00,0.00,0,-0.09,-9.00,16.7,21.1,30.0,28.8,26.2,23.7,21.2,18.7,16.2,15.0,15.0,15.0,0.0,0.0,0.0,0.0,0.0,0.0,0.0,0.0,0.0,0.0,0.0,0.0,0.2,4.2,11.8,19.1,26.5,369.41
8,5,2000,48,3,247.5,0.8,4.0,0.0,4.8,0.0,0.0,0.0,-9.90,1.1,1.1,100,4.0,4.0,100,5.2,5.2,100,15.3,0.93,19,0,0,0,63.4,0.84,4.0,4.0,100,18.0,0,2.463,5.6,0.139,98,0.08,247.5,217.5,0.93,206.8,464.4,278.6,249.4,184.7,147.8,92.9,0.000,0.000,0.000,0.000,0.000,0.93,0.00,0.00,0,-0.09,-9.00,17.8,19.7,30.0,28.8,26.2,23.7,21.2,18.7,16.2,15.0,15.0,15.0,0.0,0.0,0.0,0.0,0.0,0.0,0.0,0.0,0.0,0.0,0.0,0.0,0.8,4.8,16.5,23.0,29.5,369.41
9,5,2000,49,3,247.4,0.2,4.0,0.0,4.2,0.0,0.0,0.0,-9.90,1.0,1.0,100,3.3,3.3,100,4.3,4.3,100,13.1,0.94,15,0,0,0,64.5,0.85,3.3,3.3,100,18.0,0,2.616,6.4,0.167,98,0.10,247.4,217.4,0.94,208.3,469.6,281.8,245.8,181.7,145.6,93.9,0.000,0.000,0.000,0.000,0.000,0.94,0.00,0.00,0,-0.09,-9.00,18.5,18.9,30.0,28.8,26.2,23.7,21.2,18.7,16.2,15.0,15.0,15.0,0.0,0.0,0.0,0.0,0.0,0.0,0.0,0.0,0.0,0.0,0.0,0.0,0.2,3.9,13.0,20.1,27.2,369.41
10,5,2000,50,3,246.5,0.0,4.0,0.0,4.0,0.0,0.0,0.0,-9.90,1.0,1.0,100,4.0,4.0,100,4.9,4.9,100,14.8,0.95,20,0,0,0,65.5,0.86,4.0,4.0,100,18.0,0,2.771,7.2,0.200,98,0.12,246.5,216.5,0.95,208.9,474.7,284.8,253.5,187.7,150.2,94.9,0.000,0.000,0.000,0.000,0.000,0.95,0.00,0.00,0,-0.09,-9.00,18.9,17.5,30.0,28.8,26.2,23.7,21.2,18.7,16.2,15.0,15.0,15.0,0.0,0.0,0.0,0.0,0.0,0.0,0.0,0.0,0.0,0.0,0.0,0.0,0.0,4.6,15.5,23.1,30.8,369.41
11,5,2000,51,3,245.4,0.0,4.0,0.0,4.0,0.0,0.0,0.0,-9.90,1.0,1.0,100,4.1,4.1,100,5.1,5.1,100,14.5,0.96,23,0,0,0,66.3,0.87,4.1,4.1,100,18.0,0,2.927,8.2,0.239,98,0.13,245.4,215.4,0.96,209.4,479.9,287.9,257.0,190.2,152.2,96.0,0.000,0.000,0.000,0.000,0.000,0.96,0.00,0.00,0,-0.09,-9.00,19.4,16.0,30.0,28.8,26.2,23.7,21.2,18.7,16.2,15.0,15.0,15.0,0.0,0.0,0.0,0.0,0.0,0.0,0.0,0.0,0.0,0.0,0.0,0.0,0.0,4.7,15.0,22.1,29.2,369.41
12,5,2000,52,3,243.8,0.0,4.0,0.0,4.0,0.0,0.0,0.0,-9.90,1.1,1.1,100,4.5,4.5,100,5.6,5.6,100,15.0,0.97,29,0,0,0,67.0,0.87,4.5,4.5,100,18.0,0,3.084,9.2,0.284,98,0.15,243.8,213.8,0.97,209.3,485.0,291.0,263.3,195.1,156.1,97.0,0.000,0.000,0.000,0.000,0.000,0.97,0.00,0.00,0,-0.09,-9.00,19.7,14.1,30.0,28.8,26.2,23.7,21.2,18.7,16.2,15.0,15.0,15.0,0.0,0.0,0.0,0.0,0.0,0.0,0.0,0.0,0.0,0.0,0.0,0.0,0.0,5.2,16.0,23.4,30.8,369.41
13,5,2000,53,3,242.5,0.0,4.0,0.0,4.0,0.0,0.0,0.0,-9.90,1.1,1.1,100,4.2,4.2,100,5.3,5.3,100,14.5,0.98,28,0,0,0,67.7,0.88,4.2,4.2,100,18.0,0,3.242,10.4,0.336,98,0.18,242.5,212.5,0.98,209.5,490.0,294.0,263.1,194.8,155.9,98.0,0.000,0.000,0.000,0.000,0.000,0.98,0.00,0.00,0,-0.09,-9.00,20.1,12.4,30.0,28.8,26.2,23.7,21.2,18.7,16.2,15.0,15.0,15.0,0.0,0.0,0.0,0.0,0.0,0.0,0.0,0.0,0.0,0.0,0.0,0.0,0.0,4.8,15.0,22.5,30.0,369.41
14,5,2000,54,3,242.0,0.0,4.0,0.0,4.0,0.0,0.0,0.0,-9.90,0.9,0.9,100,3.6,3.6,100,4.5,4.5,100,14.4,0.99,25,0,0,0,68.3,0.88,3.6,3.6,100,18.0,0,3.401,11.6,0.395,98,0.20,242.0,212.0,0.99,210.5,495.0,297.0,260.6,192.7,154.4,99.0,0.000,0.000,0.000,0.000,0.000,0.99,0.00,0.00,0,-0.09,-9.00,20.6,11.4,30.0,28.8,26.2,23.7,21.2,18.7,16.2,15.0,15.0,15.0,0.0,0.0,0.0,0.0,0.0,0.0,0.0,0.0,0.0,0.0,0.0,0.0,0.0,4.1,15.8,21.4,27.0,369.41
15,5,2000,55,3,242.3,0.0,4.0,0.0,4.0,0.0,0.0,0.0,-9.90,0.7,0.7,100,3.0,3.0,100,3.7,3.7,100,12.6,1.00,22,0,0,0,68.9,0.89,3.0,3.0,100,18.0,0,3.561,12.9,0.461,98,0.23,242.3,212.3,1.00,212.3,500.0,300.0,258.0,190.5,152.7,100.0,0.000,0.000,0.000,0.000,0.000,1.00,0.00,0.00,0,-0.09,-9.00,21.3,10.9,30.0,28.8,26.2,23.7,21.2,18.7,16.2,15.0,15.0,15.0,0.0,0.0,0.0,0.0,0.0,0.0,0.0,0.0,0.0,0.0,0.0,0.0,0.0,3.4,14.8,19.6,24.5,369.41
16,5,2000,56,3,240.3,0.0,4.0,0.0,4.0,0.0,0.0,0.0,-9.90,1.0,1.0,100,4.9,4.9,100,5.9,5.9,100,13.0,1.00,39,0,0,0,69.3,0.89,4.9,4.9,100,18.0,0,3.722,14.3,0.531,98,0.26,240.3,210.3,1.00,210.3,500.0,300.0,273.7,203.0,162.3,100.0,0.000,0.000,0.000,0.000,0.000,1.00,0.00,0.00,0,-0.09,-9.00,21.7,10.3,28.3,28.8,26.2,23.7,21.2,18.7,16.2,15.0,15.0,15.0,0.0,0.0,0.0,0.0,0.0,0.0,0.0,0.0,0.0,0.0,0.0,0.0,0.0,5.5,12.0,20.3,28.5,369.41
17,5,2000,57,3,242.0,0.0,8.0,0.0,8.0,0.0,0.0,0.0,-9.90,1.1,1.1,100,5.3,5.3,100,6.4,6.4,100,12.5,1.00,40,0,0,0,69.7,0.90,5.3,5.3,100,18.0,0,3.883,15.6,0.605,98,0.29,242.0,212.0,1.00,212.0,500.0,300.0,276.7,205.3,164.1,100.0,0.000,0.000,0.000,0.000,0.000,1.00,0.00,0.00,0,-0.09,-9.00,26.1,10.1,26.2,28.4,26.2,23.7,21.2,18.7,16.2,15.0,15.0,15.0,0.0,0.0,0.0,0.0,0.0,0.0,0.0,0.0,0.0,0.0,0.0,0.0,0.0,5.9,11.0,21.0,31.0,369.41
18,5,2000,58,3,247.9,0.0,12.0,0.0,12.0,0.0,0.0,0.0,-9.90,1.1,1.1,100,4.9,4.9,100,6.0,6.0,100,13.5,1.00,28,0,0,0,70.1,0.90,4.9,4.9,100,18.0,0,4.045,16.9,0.683,98,0.32,247.9,217.9,1.00,217.9,500.0,300.0,273.7,203.0,162.3,100.0,0.000,0.000,0.000,0.000,0.000,1.00,0.00,0.00,0,-0.09,-9.00,34.4,10.0,24.1,28.2,26.2,23.7,21.2,18.7,16.2,15.0,15.0,15.0,0.0,0.0,0.0,0.0,0.0,0.0,0.0,0.0,0.0,0.0,0.0,0.0,0.0,5.5,13.0,21.7,30.4,369.41
19,5,2000,59,3,258.2,0.0,16.0,0.0,16.0,0.0,0.0,0.0,-9.90,1.0,1.0,100,4.7,4.7,100,5.7,5.7,100,15.9,1.00,16,0,0,0,70.6,0.90,4.7,4.7,100,18.0,0,4.208,18.2,0.766,98,0.34,258.2,228.2,1.00,228.2,500.0,300.0,271.5,201.2,160.9,100.0,0.000,0.000,0.000,0.000,0.000,1.00,0.00,0.00,0,-0.09,-9.00,43.7,11.6,23.4,28.2,26.2,23.7,21.2,18.7,16.2,15.0,15.0,15.0,0.0,0.0,0.0,0.0,0.0,0.0,0.0,0.0,0.0,0.0,0.0,0.0,0.0,5.2,17.8,23.1,28.5,369.41
20,5,2000,60,3,269.6,0.0,17.0,0.0,17.0,0.0,0.0,0.0,-9.90,1.0,1.0,100,4.6,4.6,100,5.6,5.6,100,13.8,1.00,8,0,0,0,71.0,0.91,4.6,4.6,100,18.0,0,4.371,19.5,0.854,98,0.37,269.6,239.6,1.00,239.6,500.0,300.0,270.7,200.6,160.5,100.0,0.000,0.000,0.000,0.000,0.000,1.00,0.00,0.00,0,-0.09,-9.00,47.5,20.0,22.7,28.2,26.2,23.7,21.2,18.7,16.2,15.0,15.0,15.0,0.0,0.0,0.0,0.0,0.0,0.0,0.0,0.0,0.0,0.0,0.0,0.0,0.0,5.1,14.5,20.8,27.0,369.41
21,5,2000,61,3,282.5,0.0,19.0,0.0,19.0,0.0,0.0,0.0,-9.90,1.0,1.0,100,5.1,5.1,100,6.1,6.1,100,13.3,1.00,4,0,0,0,71.5,0.91,5.1,5.1,100,18.0,0,4.535,20.8,0.945,98,0.40,282.5,252.5,1.00,252.5,500.0,300.0,274.5,203.6,162.7,100.0,0.000,0.000,0.000,0.000,0.000,1.00,0.00,0.00,0,-0.09,-9.00,48.5,32.0,22.7,28.0,26.2,23.7,21.2,18.7,16.2,15.0,15.0,15.0,0.0,0.0,0.0,0.0,0.0,0.0,0.0,0.0,0.0,0.0,0.0,0.0,0.0,5.6,12.5,21.3,30.0,369.41
22,5,2000,62,3,297.2,0.0,19.0,0.0,19.0,0.0,0.0,0.0,-9.90,0.7,0.7,100,3.6,3.6,100,4.3,4.3,100,15.5,1.00,0,0,0,0,71.9,0.91,3.6,3.6,100,18.0,0,4.700,22.2,1.042,98,0.44,297.2,267.2,1.00,267.2,500.0,300.0,261.8,193.5,155.0,100.0,0.000,0.000,0.000,0.000,0.000,1.00,0.00,0.00,0,-0.09,-9.00,48.9,32.7,32.8,30.4,27.4,23.7,21.2,18.7,16.2,15.0,15.0,15.0,0.0,0.0,0.0,0.0,0.0,0.0,0.0,0.0,0.0,0.0,0.0,0.0,0.0,3.9,17.0,23.0,29.0,369.41
23,5,2000,63,3,294.0,0.0,1.0,0.0,1.0,0.0,0.0,0.0,-9.90,0.7,0.7,100,3.5,3.5,100,4.2,4.2,100,14.8,1.00,0,0,0,0,72.2,0.92,3.5,3.5,100,18.0,0,4.865,23.5,1.142,98,0.47,294.0,264.0,1.00,264.0,500.0,300.0,261.0,192.9,154.5,100.0,0.000,0.000,0.000,0.000,0.000,1.00,0.00,0.00,0,-0.09,-9.00,31.3,33.4,32.5,31.8,31.4,31.2,22.4,18.7,16.2,15.0,15.0,15.0,0.0,0.0,0.0,0.0,0.0,0.0,0.0,0.0,0.0,0.0,0.0,0.0,0.0,3.8,16.8,21.8,26.8,369.41
24,5,2000,64,3,290.7,0.0,2.0,0.0,2.0,0.0,0.0,0.0,-9.90,0.8,0.8,100,4.5,4.5,100,5.3,5.3,100,14.3,1.00,1,0,0,0,72.5,0.92,4.5,4.5,100,18.0,0,5.030,24.8,1.247,98,0.50,290.7,260.7,1.00,260.7,500.0,300.0,269.3,199.4,159.5,100.0,0.000,0.000,0.000,0.000,0.000,1.00,0.00,0.00,0,-0.09,-9.00,29.0,29.1,30.8,30.7,30.7,30.6,29.8,18.7,16.2,15.0,15.0,15.0,0.0,0.0,0.0,0.0,0.0,0.0,0.0,0.0,0.0,0.0,0.0,0.0,0.0,4.9,15.0,21.3,27.5,369.41
25,5,2000,65,3,289.9,0.0,5.0,0.0,5.0,0.0,0.0,0.0,-9.90,0.9,0.9,100,5.0,5.0,100,5.8,5.8,100,13.5,1.00,2,0,0,0,72.8,0.92,5.0,5.0,100,18.0,0,5.196,26.1,1.357,98,0.54,289.9,259.9,1.00,259.9,500.0,300.0,273.0,202.4,161.8,100.0,0.000,0.000,0.000,0.000,0.000,1.00,0.00,0.00,0,-0.09,-9.00,30.6,26.8,30.2,30.2,30.2,30.2,30.1,20.4,16.2,15.0,15.0,15.0,0.0,0.0,0.0,0.0,0.0,0.0,0.0,0.0,0.0,0.0,0.0,0.0,0.0,5.4,13.0,21.5,30.0,369.41
26,5,2000,66,3,289.9,0.0,6.0,0.0,6.0,0.0,0.0,0.0,-9.90,0.9,0.9,100,5.1,5.1,100,6.0,6.0,100,13.0,1.00,2,0,0,0,73.0,0.92,5.1,5.1,100,18.0,0,5.362,27.4,1.471,98,0.57,289.9,259.9,1.00,259.9,500.0,300.0,273.7,203.0,162.3,100.0,0.000,0.000,0.000,0.000,0.000,1.00,0.00,0.00,0,-0.09,-9.00,32.7,24.8,29.9,30.1,30.1,30.1,30.0,21.0,16.2,15.0,15.0,15.0,0.0,0.0,0.0,0.0,0.0,0.0,0.0,0.0,0.0,0.0,0.0,0.0,0.0,5.5,12.0,21.0,30.0,369.41
27,5,2000,67,3,289.9,0.0,6.0,0.0,6.0,0.0,0.0,0.0,-9.90,0.9,0.9,100,5.2,5.2,100,6.1,6.1,100,13.6,1.00,2,0,0,0,73.2,0.93,5.2,5.2,100,18.0,0,5.529,28.7,1.589,98,0.60,289.9,259.9,1.00,259.9,500.0,300.0,274.5,203.6,162.7,100.0,0.000,0.000,0.000,0.000,0.000,1.00,0.00,0.00,0,-0.09,-9.00,33.4,24.4,29.6,30.0,30.0,30.0,30.0,21.2,16.2,15.0,15.0,15.0,0.0,0.0,0.0,0.0,0.0,0.0,0.0,0.0,0.0,0.0,0.0,0.0,0.0,5.6,13.2,22.0,30.8,369.41
28,5,2000,68,3,292.0,0.6,7.0,0.0,7.6,0.0,0.0,0.0,-9.90,0.9,0.9,100,4.6,4.6,100,5.5,5.5,100,14.5,1.00,1,0,0,0,73.4,0.93,4.6,4.6,100,18.0,0,5.696,30.1,1.712,98,0.63,292.0,262.0,1.00,262.0,500.0,300.0,270.0,200.0,160.0,100.0,0.000,0.000,0.000,0.000,0.000,1.00,0.00,0.00,0,-0.09,-9.00,35.2,24.7,29.6,30.0,30.0,30.0,30.0,21.2,16.2,15.0,15.0,15.0,0.0,0.0,0.0,0.0,0.0,0.0,0.0,0.0,0.0,0.0,0.0,0.0,0.6,5.0,15.0,23.5,32.0,369.41
29,5,2000,69,3,293.1,0.0,7.0,0.0,7.0,0.0,0.0,0.0,-9.90,0.9,0.9,100,5.0,5.0,100,5.9,5.9,100,15.5,1.00,1,0,0,0,74.3,0.93,5.0,5.0,100,18.0,0,5.864,31.4,1.840,98,0.66,293.1,263.1,1.00,263.1,500.0,300.0,273.0,202.4,161.8,100.0,0.000,0.000,0.000,0.000,0.000,1.00,0.00,0.00,0,-0.09,-9.00,35.1,26.0,29.5,30.0,30.0,30.0,30.0,21.2,16.2,15.0,15.0,15.0,0.0,0.0,0.0,0.0,0.0,0.0,0.0,0.0,0.0,0.0,0.0,0.0,0.0,5.4,17.0,23.5,30.0,369.41
30,5,2000,70,3,295.0,0.0,7.0,0.0,7.0,0.0,0.0,0.0,-9.90,0.8,0.8,100,4.3,4.3,100,5.1,5.1,100,16.5,1.00,-9,0,0,0,74.4,0.93,4.3,4.3,100,18.0,0,6.032,32.7,1.972,98,0.70,295.0,265.0,1.00,265.0,500.0,300.0,267.0,197.6,158.2,100.0,0.000,0.000,0.000,0.000,0.000,1.00,0.00,0.00,0,-0.09,-9.00,35.2,27.8,29.5,30.0,30.0,30.0,30.0,21.2,16.2,15.0,15.0,15.0,0.0,0.0,0.0,0.0,0.0,0.0,0.0,0.0,0.0,0.0,0.0,0.0,0.0,4.6,19.0,24.5,30.0,369.41
31,5,2000,71,3,296.6,0.0,7.0,0.0,7.0,0.0,0.0,0.0,-9.90,0.8,0.8,100,4.7,4.7,100,5.4,5.4,100,15.0,1.00,-9,0,0,0,74.4,0.93,4.7,4.7,100,18.0,0,6.200,34.0,2.109,98,0.73,296.6,266.6,1.00,266.6,500.0,300.0,270.0,200.0,160.0,100.0,0.000,0.000,0.000,0.000,0.000,1.00,0.00,0.00,0,-0.09,-9.00,35.2,28.4,30.2,30.1,30.0,30.0,30.0,21.5,16.2,15.0,15.0,15.0,0.0,0.0,0.0,0.0,0.0,0.0,0.0,0.0,0.0,0.0,0.0,0.0,0.0,5.0,16.0,23.0,30.0,369.41
1,6,2000,72,3,296.9,0.0,6.0,0.0,6.0,0.0,0.0,0.0,-9.90,0.8,0.8,100,4.9,4.9,100,5.7,5.7,100,14.9,1.00,-9,0,0,0,74.5,0.93,4.9,4.9,100,18.0,0,6.368,35.3,2.250,98,0.77,296.9,266.9,1.00,266.9,500.0,300.0,272.2,201.8,161.4,100.0,0.000,0.000,0.000,0.000,0.000,1.00,0.00,0.00,0,-0.09,-9.00,34.2,28.3,30.3,30.2,30.1,30.1,30.1,22.4,16.2,15.0,15.0,15.0,0.0,0.0,0.0,0.0,0.0,0.0,0.0,0.0,0.0,0.0,0.0,0.0,0.0,5.3,15.8,22.0,28.2,369.41
2,6,2000,73,3,296.9,0.0,6.0,0.0,6.0,0.0,0.0,0.0,-9.90,0.8,0.8,100,5.1,5.1,100,5.9,5.9,100,14.5,1.00,-9,0,0,0,74.6,0.93,5.1,5.1,100,18.0,0,6.535,36.7,2.395,98,0.80,296.9,266.9,1.00,266.9,500.0,300.0,273.7,203.0,162.3,100.0,0.000,0.000,0.000,0.000,0.000,1.00,0.00,0.00,0,-0.09,-9.00,33.9,28.0,30.0,30.1,30.1,30.1,30.1,23.4,16.2,15.0,15.0,15.0,0.0,0.0,0.0,0.0,0.0,0.0,0.0,0.0,0.0,0.0,0.0,0.0,0.0,5.5,15.0,21.5,28.0,369.41
3,6,2000,74,3,296.3,0.0,6.0,0.0,6.0,0.0,0.0,0.0,-9.90,0.9,0.9,100,5.7,5.7,100,6.6,6.6,100,13.3,1.00,-9,0,0,0,74.6,0.93,5.7,5.7,100,18.0,0,6.703,38.0,2.545,98,0.83,296.3,266.3,1.00,266.3,500.0,300.0,278.2,206.5,165.0,100.0,0.000,0.000,0.000,0.000,0.000,1.00,0.00,0.00,0,-0.09,-9.00,33.7,27.9,29.4,30.1,30.1,30.0,30.0,24.0,16.2,15.0,15.0,15.0,0.0,0.0,0.0,0.0,0.0,0.0,0.0,0.0,0.0,0.0,0.0,0.0,0.0,6.1,12.5,22.0,31.5,369.41
4,6,2000,75,3,297.3,0.0,8.0,0.0,8.0,0.0,0.0,0.0,-9.90,1.0,1.0,100,6.1,6.1,100,7.0,7.0,100,13.4,1.00,-9,0,0,0,74.7,0.93,6.1,6.1,100,18.0,0,6.871,39.3,2.699,98,0.86,297.3,267.3,1.00,267.3,500.0,300.0,281.2,208.9,166.8,100.0,0.000,0.000,0.000,0.000,0.000,1.00,0.00,0.00,0,-0.09,-9.00,35.6,27.8,28.5,30.0,30.0,30.0,30.0,24.1,16.2,15.0,15.0,15.0,0.0,0.0,0.0,0.0,0.0,0.0,0.0,0.0,0.0,0.0,0.0,0.0,0.0,6.5,12.8,23.1,33.5,369.41
5,6,2000,76,3,299.1,0.0,9.0,0.0,9.0,0.0,0.0,0.0,-9.90,1.0,1.0,100,6.2,6.2,100,7.2,7.2,100,14.4,1.00,-9,0,0,0,74.7,0.93,6.2,6.2,100,18.0,0,7.038,40.6,2.858,99,0.89,299.1,269.1,1.00,269.1,500.0,300.0,282.7,210.1,167.7,100.0,0.000,0.000,0.000,0.000,0.000,1.00,0.00,0.00,0,-0.09,-9.00,37.1,28.2,28.4,30.0,30.0,30.0,30.0,24.2,16.2,15.0,15.0,15.0,0.0,0.0,0.0,0.0,0.0,0.0,0.0,0.0,0.0,0.0,0.0,0.0,0.0,6.7,14.8,24.8,34.8,369.41
6,6,2000,77,4,301.9,0.0,10.0,0.0,10.0,0.0,0.0,0.0,-9.90,1.0,1.0,100,6.2,6.2,100,7.2,7.2,100,15.0,1.00,-9,0,0,0,74.7,0.93,6.2,6.2,100,18.0,0,7.205,41.9,3.021,99,0.92,301.9,271.9,1.00,271.9,500.0,300.0,282.7,210.1,167.7,100.0,0.000,0.000,0.000,0.000,0.000,1.00,0.00,0.00,0,-0.09,-9.00,38.5,28.6,28.9,30.1,30.0,30.0,30.0,24.5,16.2,15.0,15.0,15.0,0.0,0.0,0.0,0.0,0.0,0.0,0.0,0.0,0.0,0.0,0.0,0.0,0.0,6.7,16.0,26.0,36.0,369.41
7,6,2000,78,4,305.2,0.4,9.0,0.0,9.4,0.0,0.0,0.0,-9.90,0.9,0.9,100,5.2,5.2,100,6.1,6.1,100,15.5,1.00,-9,0,0,0,74.8,0.93,5.2,5.2,100,18.0,0,7.373,43.2,3.188,99,0.96,305.2,275.2,1.00,275.2,500.0,300.0,274.5,203.6,162.7,100.0,0.000,0.000,0.000,0.000,0.000,1.00,0.00,0.00,0,-0.09,-9.00,38.3,29.1,30.4,30.2,30.2,30.1,30.1,25.6,16.2,15.0,15.0,15.0,0.0,0.0,0.0,0.0,0.0,0.0,0.0,0.0,0.0,0.0,0.0,0.0,0.4,5.6,17.0,25.3,33.6,369.41
8,6,2000,79,4,305.2,0.0,6.0,0.0,6.0,0.0,0.0,0.0,-9.90,0.9,0.9,100,5.1,5.1,100,6.0,6.0,100,17.0,1.00,-9,0,0,0,74.8,0.93,5.1,5.1,100,18.0,0,7.540,44.6,3.359,99,0.99,305.2,275.2,1.00,275.2,500.0,300.0,273.7,203.0,162.3,100.0,0.000,0.000,0.000,0.000,0.000,1.00,0.00,0.00,0,-0.09,-9.00,34.9,29.1,30.6,30.5,30.3,30.2,30.2,28.1,16.2,15.0,15.0,15.0,0.0,0.0,0.0,0.0,0.0,0.0,0.0,0.0,0.0,0.0,0.0,0.0,0.0,5.5,20.0,25.5,31.0,369.41
9,6,2000,80,4,305.3,0.0,6.0,0.0,6.0,0.0,0.0,0.0,-9.90,0.9,0.9,100,5.0,5.0,100,5.9,5.9,100,15.5,1.00,-9,0,0,0,74.8,0.93,5.0,5.0,100,18.0,0,7.707,45.9,3.535,99,1.02,305.3,275.3,1.00,275.3,500.0,300.0,273.0,202.4,161.8,100.0,0.000,0.000,0.000,0.000,0.000,1.00,0.00,0.00,0,-0.09,-9.00,34.0,28.4,30.3,30.3,30.2,30.2,30.2,30.1,16.5,15.0,15.0,15.0,0.0,0.0,0.0,0.0,0.0,0.0,0.0,0.0,0.0,0.0,0.0,0.0,0.0,5.4,17.0,25.3,33.5,369.41
10,6,2000,81,4,305.2,0.0,6.0,0.0,6.0,0.0,0.0,0.0,-9.90,0.9,0.9,100,5.3,5.3,100,6.2,6.2,100,15.0,1.00,-9,0,0,0,74.8,0.93,5.3,5.3,100,18.0,0,7.873,47.2,3.716,99,1.06,305.2,275.2,1.00,275.2,500.0,300.0,275.2,204.1,163.2,100.0,0.000,0.000,0.000,0.000,0.000,1.00,0.00,0.00,0,-0.09,-9.00,33.7,28.0,29.8,30.1,30.1,30.1,30.1,30.1,18.0,15.0,15.0,15.0,0.0,0.0,0.0,0.0,0.0,0.0,0.0,0.0,0.0,0.0,0.0,0.0,0.0,5.7,16.0,24.0,32.0,369.41
11,6,2000,82,4,307.3,0.0,8.0,0.0,8.0,0.0,0.0,0.0,-9.90,0.9,0.9,100,5.0,5.0,100,5.9,5.9,100,15.6,1.00,-9,0,0,0,74.9,0.93,5.0,5.0,100,18.0,0,8.040,48.5,3.900,99,1.09,307.3,277.3,1.00,277.3,500.0,300.0,273.0,202.4,161.8,100.0,0.000,0.000,0.000,0.000,0.000,1.00,0.00,0.00,0,-0.09,-9.00,35.7,27.9,30.0,30.0,30.0,30.0,30.0,30.0,18.5,15.0,15.0,15.0,0.0,0.0,0.0,0.0,0.0,0.0,0.0,0.0,0.0,0.0,0.0,0.0,0.0,5.4,17.2,24.2,31.2,369.41
12,6,2000,83,4,308.0,0.0,7.0,0.0,7.0,0.0,0.0,0.0,-9.90,0.9,0.9,100,5.5,5.5,100,6.3,6.3,100,15.3,1.00,-9,0,0,0,74.9,0.93,5.5,5.5,100,18.0,0,8.207,49.8,4.089,99,1.13,308.0,278.0,1.00,278.0,500.0,300.0,276.7,205.3,164.1,100.0,0.000,0.000,0.000,0.000,0.000,1.00,0.00,0.00,0,-0.09,-9.00,35.2,28.2,29.8,30.2,30.1,30.1,30.1,30.1,19.3,15.0,15.0,15.0,0.0,0.0,0.0,0.0,0.0,0.0,0.0,0.0,0.0,0.0,0.0,0.0,0.0,5.9,16.5,24.8,33.0,369.41
13,6,2000,84,4,309.6,0.0,8.0,0.0,8.0,0.0,0.0,0.0,-9.90,0.9,0.9,100,5.5,5.5,100,6.3,6.3,100,16.5,1.00,-9,0,0,0,74.9,0.92,5.5,5.5,100,18.0,0,8.373,51.1,4.282,99,1.16,309.6,279.6,1.00,279.6,500.0,300.0,276.7,205.3,164.1,100.0,0.000,0.000,0.000,0.000,0.000,1.00,0.00,0.00,0,-0.09,-9.00,36.1,28.2,29.8,30.1,30.1,30.1,30.1,30.1,20.1,15.0,15.0,15.0,0.0,0.0,0.0,0.0,0.0,0.0,0.0,0.0,0.0,0.0,0.0,0.0,0.0,5.9,19.0,26.5,34.0,369.41
14,6,2000,85,4,312.6,0.0,8.0,0.0,8.0,0.0,0.0,0.0,-9.90,0.7,0.7,100,4.2,4.2,100,5.0,5.0,100,17.4,1.00,-9,0,0,0,74.9,0.92,4.2,4.2,100,18.0,0,8.539,52.5,4.480,99,1.20,312.6,282.6,1.00,282.6,500.0,300.0,267.0,197.6,158.2,100.0,0.000,0.000,0.000,0.000,0.000,1.00,0.00,0.00,0,-0.09,-9.00,36.5,29.1,30.4,30.2,30.1,30.1,30.1,30.1,21.1,15.0,15.0,15.0,0.0,0.0,0.0,0.0,0.0,0.0,0.0,0.0,0.0,0.0,0.0,0.0,0.0,4.6,20.8,26.8,32.8,369.41
15,6,2000,86,4,313.7,0.0,7.0,0.0,7.0,0.0,0.0,0.0,-9.90,0.8,0.8,100,5.2,5.2,100,6.0,6.0,100,16.8,1.00,-9,0,0,0,74.9,0.92,5.2,5.2,100,18.0,0,8.705,53.8,4.682,99,1.23,313.7,283.7,1.00,283.7,500.0,300.0,274.5,203.6,162.7,100.0,0.000,0.000,0.000,0.000,0.000,1.00,0.00,0.00,0,-0.09,-9.00,35.5,28.8,30.3,30.4,30.2,30.2,30.2,30.1,23.0,15.0,15.0,15.0,0.0,0.0,0.0,0.0,0.0,0.0,0.0,0.0,0.0,0.0,0.0,0.0,0.0,5.6,19.5,26.8,34.0,369.41
16,6,2000,87,4,315.9,0.2,7.0,0.0,7.2,0.0,0.0,0.0,-9.90,0.7,0.7,100,4.2,4.2,100,5.0,5.0,100,16.0,1.00,-9,0,0,0,74.9,0.92,4.2,4.2,100,18.0,0,8.871,55.1,4.888,99,1.27,315.9,285.9,1.00,285.9,500.0,300.0,267.0,197.6,158.2,100.0,0.000,0.000,0.000,0.000,0.000,1.00,0.00,0.00,0,-0.09,-9.00,35.5,29.1,30.4,30.3,30.2,30.2,30.1,30.1,24.9,15.0,15.0,15.0,0.0,0.0,0.0,0.0,0.0,0.0,0.0,0.0,0.0,0.0,0.0,0.0,0.2,4.6,18.0,24.5,31.0,369.41
17,6,2000,88,4,317.3,0.0,7.0,0.0,7.0,0.0,0.0,0.0,-9.90,0.8,0.8,100,4.8,4.8,100,5.5,5.5,100,14.5,1.00,-9,0,0,0,74.9,0.92,4.8,4.8,100,18.0,0,9.037,56.4,5.098,99,1.30,317.3,287.3,1.00,287.3,500.0,300.0,271.5,201.2,160.9,100.0,0.000,0.000,0.000,0.000,0.000,1.00,0.00,0.00,0,-0.09,-9.00,35.3,28.7,30.5,30.3,30.2,30.2,30.1,30.1,26.9,15.0,15.0,15.0,0.0,0.0,0.0,0.0,0.0,0.0,0.0,0.0,0.0,0.0,0.0,0.0,0.0,5.2,15.0,21.5,28.0,369.41
18,6,2000,89,4,318.1,0.0,6.0,0.0,6.0,0.0,0.0,0.0,-9.90,0.8,0.8,100,4.5,4.5,100,5.3,5.3,100,11.9,1.00,-9,0,0,0,74.9,0.92,4.5,4.5,100,18.0,0,9.202,57.7,5.313,99,1.34,318.1,288.1,1.00,288.1,500.0,300.0,269.3,199.4,159.5,100.0,0.000,0.000,0.000,0.000,0.000,1.00,0.00,0.00,0,-0.09,-9.00,34.2,28.8,30.4,30.3,30.2,30.2,30.1,30.1,28.8,15.0,15.0,15.0,0.0,0.0,0.0,0.0,0.0,0.0,0.0,0.0,0.0,0.0,0.0,0.0,0.0,4.9,12.8,18.9,25.0,369.41
19,6,2000,90,4,319.2,0.0,7.0,0.0,7.0,0.0,0.0,0.0,-9.90,0.8,0.8,100,5.1,5.1,100,5.9,5.9,100,13.9,1.00,-9,0,0,0,74.9,0.92,5.1,5.1,100,18.0,0,9.368,59.0,5.531,99,1.37,319.2,289.2,1.00,289.2,500.0,300.0,273.7,203.0,162.3,100.0,0.000,0.000,0.000,0.000,0.000,1.00,0.00,0.00,0,-0.09,-9.00,34.9,28.2,30.1,30.2,30.2,30.1,30.1,30.1,30.1,15.2,15.0,15.0,0.0,0.0,0.0,0.0,0.0,0.0,0.0,0.0,0.0,0.0,0.0,0.0,0.0,5.5,13.8,21.8,29.8,369.41
20,6,2000,91,4,319.5,0.0,7.0,0.0,7.0,0.0,0.0,0.0,-9.90,0.9,0.9,100,5.8,5.8,100,6.7,6.7,100,14.0,1.00,-9,0,0,0,75.0,0.92,5.8,5.8,100,18.0,0,9.533,60.4,5.755,99,1.41,319.5,289.5,1.00,289.5,500.0,300.0,279.7,207.7,165.9,100.0,0.000,0.000,0.000,0.000,0.000,1.00,0.00,0.00,0,-0.09,-9.00,35.0,28.2,29.4,30.2,30.1,30.1,30.1,30.1,30.1,16.4,15.0,15.0,0.0,0.0,0.0,0.0,0.0,0.0,0.0,0.0,0.0,0.0,0.0,0.0,0.0,6.3,14.0,23.5,33.0,369.41
21,6,2000,92,4,321.4,0.0,9.0,0.0,9.0,0.0,0.0,0.0,-9.90,1.0,1.0,100,6.2,6.2,100,7.2,7.2,100,14.4,1.00,-9,0,0,0,74.5,0.91,6.2,6.2,100,18.0,0,9.697,61.7,5.981,99,1.44,321.4,291.4,1.00,291.4,500.0,300.0,283.5,210.7,168.2,100.0,0.000,0.000,0.000,0.000,0.000,1.00,0.00,0.00,0,-0.09,-9.00,36.9,28.2,28.9,30.1,30.1,30.0,30.0,30.0,30.0,17.1,15.0,15.0,0.0,0.0,0.0,0.0,0.0,0.0,0.0,0.0,0.0,0.0,0.0,0.0,0.0,6.8,14.8,25.4,36.0,369.41
22,6,2000,93,4,324.2,0.0,10.0,0.0,10.0,0.0,0.0,0.0,-9.90,1.0,1.0,100,6.1,6.1,100,7.1,7.1,100,16.5,1.00,-9,0,0,0,74.1,0.90,6.1,6.1,100,18.0,0,9.858,63.0,6.211,99,1.47,324.2,294.2,1.00,294.2,500.0,300.0,283.5,210.7,168.2,100.0,0.000,0.000,0.000,0.000,0.000,1.00,0.00,0.00,0,-0.09,-9.00,38.4,28.6,29.1,30.1,30.1,30.1,30.0,30.0,30.0,17.7,15.0,15.0,0.0,0.0,0.0,0.0,0.0,0.0,0.0,0.0,0.0,0.0,0.0,0.0,0.0,6.8,19.0,28.0,37.0,369.41
23,6,2000,94,4,326.4,0.0,9.0,0.0,9.0,0.0,0.0,0.0,-9.90,1.0,1.0,100,5.8,5.8,100,6.8,6.8,100,16.0,1.00,-9,0,0,0,73.6,0.89,5.8,5.8,100,18.0,0,10.018,63.0,6.312,99,1.47,326.4,296.4,1.00,296.4,500.0,300.0,281.2,208.9,166.8,100.0,0.000,0.000,0.000,0.000,0.000,1.00,0.00,0.00,0,-0.09,-9.00,37.8,29.0,29.9,30.2,30.2,30.1,30.1,30.1,30.1,19.0,15.0,15.0,0.0,0.0,0.0,0.0,0.0,0.0,0.0,0.0,0.0,0.0,0.0,0.0,0.0,6.5,18.0,27.0,36.0,369.41
24,6,2000,95,4,327.9,0.0,8.0,0.0,8.0,0.0,0.0,0.0,-9.90,1.0,1.0,100,5.5,5.5,100,6.5,6.5,100,18.0,1.00,-9,0,0,0,73.1,0.88,5.5,5.5,100,18.0,0,10.176,63.0,6.411,99,1.47,327.9,297.9,1.00,297.9,500.0,300.0,279.7,207.7,165.9,100.0,0.000,0.000,0.000,0.000,0.000,1.00,0.00,0.00,0,-0.09,-9.00,36.6,29.0,30.1,30.4,30.3,30.2,30.2,30.1,30.1,20.9,15.0,15.0,0.0,0.0,0.0,0.0,0.0,0.0,0.0,0.0,0.0,0.0,0.0,0.0,0.0,6.3,22.0,28.5,35.0,369.41
25,6,2000,96,4,330.2,0.0,8.0,0.0,8.0,0.0,0.0,0.0,-9.90,1.0,1.0,100,4.8,4.8,100,5.7,5.7,100,17.5,1.00,-9,0,0,0,72.6,0.87,4.8,4.8,100,18.0,0,10.332,63.0,6.509,99,1.47,330.2,300.2,1.00,300.2,500.0,300.0,273.7,203.0,162.3,100.0,0.000,0.000,0.000,0.000,0.000,1.00,0.00,0.00,0,-0.09,-9.00,36.4,28.9,30.6,30.3,30.2,30.2,30.2,30.1,30.1,23.1,15.0,15.0,0.0,0.0,0.0,0.0,0.0,0.0,0.0,0.0,0.0,0.0,0.0,0.0,0.0,5.5,21.0,26.0,31.0,369.41
26,6,2000,97,4,332.0,0.0,7.0,0.0,7.0,0.0,0.0,0.0,-9.90,0.9,0.9,100,4.3,4.3,100,5.2,5.2,100,16.9,1.00,-9,0,0,0,72.0,0.85,4.3,4.3,100,18.0,0,10.486,63.0,6.606,99,1.48,332.0,302.0,1.00,302.0,500.0,300.0,270.0,200.0,160.0,100.0,0.000,0.000,0.000,0.000,0.000,1.00,0.00,0.00,0,-0.09,-9.00,35.4,29.4,30.5,30.4,30.3,30.2,30.2,30.2,30.1,25.4,15.0,15.0,0.0,0.0,0.0,0.0,0.0,0.0,0.0,0.0,0.0,0.0,0.0,0.0,0.0,5.0,19.8,23.9,28.0,369.41
27,6,2000,98,4,332.9,0.0,7.0,0.0,7.0,0.0,0.0,0.0,-9.90,1.0,1.0,100,5.1,5.1,100,6.1,6.1,100,15.9,1.00,-9,0,0,0,71.3,0.84,5.1,5.1,100,18.0,0,10.637,63.0,6.701,99,1.48,332.9,302.9,1.00,302.9,500.0,300.0,278.2,206.5,165.0,100.0,0.000,0.000,0.000,0.000,0.000,1.00,0.00,0.00,0,-0.09,-9.00,35.0,28.6,30.3,30.3,30.3,30.2,30.2,30.1,30.1,27.7,15.0,15.0,0.0,0.0,0.0,0.0,0.0,0.0,0.0,0.0,0.0,0.0,0.0,0.0,0.0,6.1,17.8,25.3,32.8,369.41
28,6,2000,99,4,333.6,0.0,7.0,0.0,7.0,0.0,0.0,0.0,-9.90,1.1,1.1,100,5.2,5.2,100,6.2,6.2,100,14.9,1.00,-9,0,0,0,70.5,0.82,5.2,5.2,100,18.0,0,10.785,63.0,6.795,99,1.48,333.6,303.6,1.00,303.6,500.0,300.0,279.7,207.7,165.9,100.0,0.000,0.000,0.000,0.000,0.000,1.00,0.00,0.00,0,-0.09,-9.00,34.8,28.3,30.1,30.2,30.2,30.1,30.1,30.1,30.1,29.5,15.0,15.0,0.0,0.0,0.0,0.0,0.0,0.0,0.0,0.0,0.0,0.0,0.0,0.0,0.0,6.3,15.8,25.0,34.2,369.41
29,6,2000,100,4,338.2,0.8,8.0,0.0,8.8,0.0,0.0,0.0,-9.90,0.8,0.8,100,3.4,3.4,100,4.2,4.2,100,16.5,1.00,-9,0,0,0,69.7,0.81,3.4,3.4,100,18.0,0,10.931,63.0,6.886,99,1.48,338.2,307.5,1.00,307.5,500.0,300.0,264.0,195.3,156.4,100.0,0.000,0.000,0.000,0.000,0.000,1.00,0.00,0.00,0,-0.09,-9.00,36.9,29.7,30.3,30.1,30.1,30.1,30.1,30.1,30.1,30.1,15.7,15.0,0.0,0.0,0.0,0.0,0.0,0.0,0.0,0.0,0.0,0.0,0.0,0.0,0.8,4.2,19.0,24.0,29.0,369.41
30,6,2000,101,4,339.1,0.0,7.0,0.0,7.0,0.0,0.0,0.0,-9.90,1.1,1.1,100,5.1,5.1,100,6.2,6.2,100,16.0,1.00,-9,0,0,0,68.8,0.79,5.1,5.1,100,18.0,0,11.073,63.0,6.976,99,1.48,339.1,306.3,1.00,306.3,500.0,300.0,280.5,208.3,166.4,100.0,0.000,0.000,0.000,0.000,0.000,1.00,0.00,0.00,0,-0.09,-9.00,35.3,29.0,30.6,30.4,30.3,30.2,30.2,30.1,30.1,30.1,17.7,15.0,0.0,0.0,0.0,0.0,0.0,0.0,0.0,0.0,0.0,0.0,0.0,0.0,0.0,6.4,18.0,26.5,35.0,369.41
1,7,2000,102,4,340.2,0.0,7.0,0.0,7.0,0.0,0.0,0.0,-9.90,1.1,1.1,100,4.8,4.8,100,5.9,5.9,100,15.6,1.00,-9,0,0,0,67.8,0.77,4.8,4.8,100,18.0,0,11.211,63.0,7.063,99,1.48,340.2,305.2,1.00,305.2,500.0,300.0,279.0,207.1,165.5,100.0,0.000,0.000,0.000,0.000,0.000,1.00,0.00,0.00,0,-0.09,-9.00,34.8,28.6,30.4,30.3,30.2,30.2,30.2,30.1,30.1,30.1,19.9,15.0,0.0,0.0,0.0,0.0,0.0,0.0,0.0,0.0,0.0,0.0,0.0,0.0,0.0,6.2,17.2,26.2,35.2,369.41
2,7,2000,103,4,340.7,0.0,7.0,0.0,7.0,0.0,0.0,0.0,-9.90,1.3,1.3,100,5.2,5.2,100,6.4,6.4,100,17.1,1.00,-9,0,0,0,66.7,0.75,5.2,5.2,100,18.0,0,11.346,63.0,7.148,99,1.48,340.7,303.9,1.00,303.9,500.0,300.0,284.2,211.3,168.6,100.0,0.000,0.000,0.000,0.000,0.000,1.00,0.00,0.00,0,-0.09,-9.00,34.6,28.3,30.1,30.2,30.2,30.2,30.1,30.1,30.1,30.1,21.8,15.0,0.0,0.0,0.0,0.0,0.0,0.0,0.0,0.0,0.0,0.0,0.0,0.0,0.0,6.9,20.2,29.6,39.0,369.41
3,7,2000,104,4,342.0,0.0,8.0,0.0,8.0,0.0,0.0,0.0,-9.90,1.4,1.4,100,5.3,5.3,100,6.7,6.7,100,16.8,1.00,-9,0,0,0,65.5,0.72,5.3,5.3,100,18.0,0,11.476,63.0,7.230,99,1.48,342.0,304.0,1.00,304.0,500.0,300.0,287.2,213.6,170.5,100.0,0.000,0.000,0.000,0.000,0.000,1.00,0.00,0.00,0,-0.09,-9.00,35.4,28.1,29.9,30.1,30.1,30.1,30.1,30.1,30.1,30.1,23.0,15.0,0.0,0.0,0.0,0.0,0.0,0.0,0.0,0.0,0.0,0.0,0.0,0.0,0.0,7.3,19.5,30.3,41.0,369.41
4,7,2000,105,4,344.6,0.0,8.0,0.0,8.0,0.0,0.0,0.0,-9.90,1.3,1.3,100,4.1,4.1,100,5.4,5.4,100,21.0,1.00,-9,0,0,0,64.2,0.70,4.1,4.1,100,18.0,0,11.602,63.0,7.309,99,1.48,344.6,305.6,1.00,305.6,500.0,300.0,276.7,205.3,164.1,100.0,0.000,0.000,0.000,0.000,0.000,1.00,0.00,0.00,0,-0.09,-9.00,35.7,29.0,30.3,30.1,30.1,30.1,30.1,30.1,30.1,30.0,24.0,15.0,0.0,0.0,0.0,0.0,0.0,0.0,0.0,0.0,0.0,0.0,0.0,0.0,0.0,5.9,30.0,35.5,41.0,369.41
5,7,2000,106,4,346.3,0.0,8.0,0.0,8.0,0.0,0.0,0.0,-9.90,1.5,1.5,100,4.8,4.8,100,6.3,6.3,100,17.0,1.00,-9,0,0,0,62.7,0.67,4.8,4.8,100,18.0,0,11.723,63.0,7.386,99,1.47,346.3,305.8,1.00,305.8,500.0,300.0,286.5,213.0,170.0,100.0,0.000,0.000,0.000,0.000,0.000,1.00,0.00,0.00,0,-0.09,-9.00,35.6,28.7,30.5,30.3,30.2,30.2,30.1,30.1,30.1,30.1,25.5,15.0,0.0,0.0,0.0,0.0,0.0,0.0,0.0,0.0,0.0,0.0,0.0,0.0,0.0,7.2,20.0,30.0,40.0,369.41
6,7,2000,107,4,347.4,0.0,7.0,0.0,7.0,0.0,0.0,0.0,-9.90,1.5,1.5,100,4.4,4.4,100,5.9,5.9,100,16.4,1.00,-9,0,0,0,61.1,0.64,4.4,4.4,100,18.0,0,11.839,63.0,7.459,99,1.47,347.4,305.1,1.00,305.1,500.0,300.0,284.2,211.3,168.6,100.0,0.000,0.000,0.000,0.000,0.000,1.00,0.00,0.00,0,-0.09,-9.00,34.6,29.0,30.4,30.3,30.2,30.2,30.1,30.1,30.1,30.1,27.3,15.0,0.0,0.0,0.0,0.0,0.0,0.0,0.0,0.0,0.0,0.0,0.0,0.0,0.0,6.9,18.8,28.4,38.0,369.41
7,7,2000,108,4,348.3,0.0,7.0,0.0,7.0,0.0,0.0,0.0,-9.90,1.6,1.6,100,4.5,4.5,100,6.1,6.1,100,17.5,1.00,-9,0,0,0,59.3,0.61,4.5,4.5,100,18.0,0,11.949,63.0,7.528,99,1.47,348.3,304.3,1.00,304.3,500.0,300.0,288.0,214.2,170.9,100.0,0.000,0.000,0.000,0.000,0.000,1.00,0.00,0.00,0,-0.09,-9.00,34.2,28.7,30.3,30.2,30.2,30.2,30.1,30.1,30.1,30.1,29.0,15.0,0.0,0.0,0.0,0.0,0.0,0.0,0.0,0.0,0.0,0.0,0.0,0.0,0.0,7.4,21.0,31.5,42.0,369.41
8,7,2000,109,4,350.7,0.0,8.0,0.0,8.0,0.0,0.0,0.0,-9.90,1.6,1.6,100,4.0,4.0,100,5.6,5.6,100,19.5,1.00,-9,0,0,0,57.3,0.58,4.0,4.0,100,18.0,0,12.053,63.0,7.593,99,1.46,350.7,305.2,1.00,305.2,500.0,300.0,284.2,211.3,168.6,100.0,0.000,0.000,0.000,0.000,0.000,1.00,0.00,0.00,0,-0.09,-9.00,35.1,29.1,30.3,30.2,30.1,30.1,30.1,30.1,30.1,30.1,30.1,15.4,0.0,0.0,0.0,0.0,0.0,0.0,0.0,0.0,0.0,0.0,0.0,0.0,0.0,6.9,25.0,32.0,39.0,369.41
9,7,2000,110,4,354.9,0.0,8.0,0.0,8.0,0.0,0.0,0.0,-9.90,1.2,1.2,100,2.6,2.6,100,3.8,3.8,100,15.5,1.00,-9,0,0,0,55.2,0.54,2.6,2.6,100,18.0,0,12.150,63.0,7.654,99,1.46,354.9,307.9,1.00,307.9,500.0,300.0,268.5,198.8,159.1,100.0,0.000,0.000,0.000,0.000,0.000,1.00,0.00,0.00,0,-0.09,-9.00,35.7,30.8,30.4,30.3,30.2,30.1,30.1,30.1,30.1,30.1,30.1,16.9,0.0,0.0,0.0,0.0,0.0,0.0,0.0,0.0,0.0,0.0,0.0,0.0,0.0,4.8,18.0,22.5,27.0,369.41
