AquaCrop,5.0,(October,2015),-,Output,created,on,(date),:,5/16/2017,at,(time),:,5:00:41,PM

Day,Month,Year,DAP,Stage,WC(1.20),Rain,Irri,Surf,Infilt,RO,Drain,CR,Zgwt,Ex,E,E/Ex,Trx,Tr,Tr/Trx,ETx,ET,ET/ETx,GD,Z,StExp,StSto,StSen,StSalt,CC,Kc(Tr),Trx,Tr,Tr/Trx,WP,StBio,Biomass,HI,Yield,Brelative,WPet,WC(1.20),Wr(1.00),Z,Wr,Wr(SAT),Wr(FC),Wr(exp),Wr(sto),Wr(sen),Wr(PWP),SaltIn,SaltOut,SaltUp,Salt(1.20),SaltZ,Z,ECe,ECsw,StSalt,Zgwt,ECgw,WC1,WC2,WC3,WC4,WC5,WC6,WC7,WC8,WC9,WC10,WC11,WC12,ECe1,ECe2,ECe3,ECe4,ECe5,ECe6,ECe7,ECe8,ECe9,ECe10,ECe11,ECe12,Rain,ETo,Tmin,Tavg,Tmax,CO2
d,m,y,d,none,mm,mm,mm,mm,mm,mm,mm,mm,m,mm,mm,%,mm,mm,%,mm,mm,%,°C-day,m,%,%,%,%,%,-,mm,mm,%,g/m2,%,ton/ha,%,ton/ha,%,kg/m3,mm,mm,m,mm,mm,mm,mm,mm,mm,mm,ton/ha,ton/ha,ton/ha,ton/ha,ton/ha,m,dS/m,dS/m,%,m,dS/m,0.05,0.15,0.25,0.35,0.45,0.55,0.65,0.75,0.85,0.95,1.05,1.15,0.05,0.15,0.25,0.35,0.45,0.55,0.65,0.75,0.85,0.95,1.05,1.15,mm,mm,°C,°C,°C,ppm
22,3,2000,1,1,267.5,0.0,0.0,0.0,0.0,0.0,0.0,0.0,-9.90,2.9,2.5,88,0.0,0.0,100,2.9,2.5,88,1.4,0.30,-9,-9,-9,0,0.0,0.00,0.0,0.0,100,0.0,0,0.000,-9.9,0.000,-9,0.00,267.5,237.5,0.30,87.5,150.0,90.0,81.0,55.7,48.0,30.0,0.000,0.000,0.000,0.000,0.000,0.30,0.00,0.00,0,-0.09,-9.00,27.5,30.0,30.0,28.7,26.2,23.7,21.2,18.7,16.2,15.0,15.0,15.0,0.0,0.0,0.0,0.0,0.0,0.0,0.0,0.0,0.0,0.0,0.0,0.0,0.0,2.6,1.8,8.4,15.0,369.41
23,3,2000,2,1,266.2,0.0,2.0,0.0,2.0,0.0,0.0,0.0,-9.90,3.4,3.3,97,0.0,0.0,100,3.4,3.3,97,3.5,0.30,-9,-9,-9,0,0.0,0.00,0.0,0.0,100,0.0,0,0.000,-9.9,0.000,-9,0.00,266.2,236.2,0.30,86.2,150.0,90.0,81.0,57.2,48.0,30.0,0.000,0.000,0.000,0.000,0.000,0.30,0.00,0.00,0,-0.09,-9.00,26.2,30.0,30.0,28.8,26.2,23.7,21.2,18.7,16.2,15.0,15.0,15.0,0.0,0.0,0.0,0.0,0.0,0.0,0.0,0.0,0.0,0.0,0.0,0.0,0.0,3.4,0.0,10.5,21.0,369.41
24,3,2000,3,1,266.3,0.0,3.0,0.0,3.0,0.0,0.0,0.0,-9.90,3.0,3.0,100,0.0,0.0,100,3.0,3.0,100,3.9,0.30,-9,-9,-9,0,0.0,0.00,0.0,0.0,100,0.0,0,0.000,-9.9,0.000,-9,0.00,266.3,236.3,0.30,86.3,150.0,90.0,81.0,55.9,48.0,30.0,0.000,0.000,0.000,0.000,0.000,0.30,0.00,0.00,0,-0.09,-9.00,26.3,30.0,30.0,28.8,26.2,23.7,21.2,18.7,16.2,15.0,15.0,15.0,0.0,0.0,0.0,0.0,0.0,0.0,0.0,0.0,0.0,0.0,0.0,0.0,0.0,2.7,2.8,10.9,19.0,369.41
25,3,2000,4,1,265.4,0.0,2.0,0.0,2.0,0.0,0.0,0.0,-9.90,3.0,2.9,98,0.0,0.0,100,3.0,2.9,98,6.0,0.30,-9,-9,-9,0,0.0,0.00,0.0,0.0,100,0.0,0,0.000,-9.9,0.000,-9,0.00,265.4,235.4,0.30,85.4,150.0,90.0,81.0,55.9,48.0,30.0,0.000,0.000,0.000,0.000,0.000,0.30,0.00,0.00,0,-0.09,-9.00,25.4,30.0,30.0,28.8,26.2,23.7,21.2,18.7,16.2,15.0,15.0,15.0,0.0,0.0,0.0,0.0,0.0,0.0,0.0,0.0,0.0,0.0,0.0,0.0,0.0,2.7,6.0,13.0,20.0,369.41
26,3,2000,5,2,265.6,0.6,2.0,0.0,2.6,0.0,0.0,0.0,-9.90,2.4,2.4,100,0.0,0.0,100,2.4,2.4,100,8.0,0.33,-9,0,0,0,0.8,0.01,0.0,0.0,100,18.0,0,0.003,-9.9,0.000,100,0.00,265.6,235.6,0.33,93.2,163.2,97.9,81.3,59.9,48.1,32.6,0.000,0.000,0.000,0.000,0.000,0.33,0.00,0.00,0,-0.09,-9.00,25.6,30.0,30.0,28.8,26.2,23.7,21.2,18.7,16.2,15.0,15.0,15.0,0.0,0.0,0.0,0.0,0.0,0.0,0.0,0.0,0.0,0.0,0.0,0.0,0.6,2.2,10.0,15.0,20.0,369.41
27,3,2000,6,2,266.0,0.8,2.0,0.0,2.8,0.0,0.0,0.0,-9.90,2.3,2.3,100,0.0,0.0,100,2.3,2.3,100,6.8,0.35,0,0,0,0,0.9,0.02,0.0,0.0,100,18.0,0,0.005,-9.9,0.000,100,0.00,266.0,236.0,0.35,100.7,175.5,105.3,87.2,64.2,51.5,35.1,0.000,0.000,0.000,0.000,0.000,0.35,0.00,0.00,0,-0.09,-9.00,26.0,30.0,30.0,28.8,26.2,23.7,21.2,18.7,16.2,15.0,15.0,15.0,0.0,0.0,0.0,0.0,0.0,0.0,0.0,0.0,0.0,0.0,0.0,0.0,0.8,2.1,10.0,13.8,17.5,369.41
28,3,2000,7,2,265.3,0.0,2.0,0.0,2.0,0.0,0.0,0.0,-9.90,2.7,2.7,99,0.1,0.1,100,2.8,2.7,99,8.6,0.37,0,0,0,0,1.0,0.02,0.1,0.1,100,18.0,0,0.009,-9.9,0.000,100,0.00,265.3,235.3,0.37,106.5,186.9,112.1,94.7,69.9,56.1,37.4,0.000,0.000,0.000,0.000,0.000,0.37,0.00,0.00,0,-0.09,-9.00,25.3,30.0,30.0,28.8,26.2,23.7,21.2,18.7,16.2,15.0,15.0,15.0,0.0,0.0,0.0,0.0,0.0,0.0,0.0,0.0,0.0,0.0,0.0,0.0,0.0,2.8,9.0,15.6,22.1,369.41
29,3,2000,8,2,264.2,0.0,2.0,0.0,2.0,0.0,0.0,0.0,-9.90,3.2,3.1,96,0.1,0.1,100,3.3,3.1,96,8.6,0.39,0,0,0,0,1.1,0.02,0.1,0.1,100,18.0,0,0.012,-9.9,0.000,100,0.00,264.2,234.2,0.39,111.4,197.4,118.5,101.6,75.0,60.1,39.5,0.000,0.000,0.000,0.000,0.000,0.39,0.00,0.00,0,-0.09,-9.00,24.2,30.0,30.0,28.8,26.2,23.7,21.2,18.7,16.2,15.0,15.0,15.0,0.0,0.0,0.0,0.0,0.0,0.0,0.0,0.0,0.0,0.0,0.0,0.0,0.0,3.3,8.2,15.6,23.0,369.41
30,3,2000,9,2,264.0,0.0,3.0,0.0,3.0,0.0,0.0,0.0,-9.90,3.1,3.1,100,0.1,0.1,100,3.1,3.1,100,6.0,0.41,0,0,0,0,1.2,0.02,0.1,0.1,100,18.0,0,0.017,-9.9,0.000,100,0.00,264.0,234.0,0.41,116.7,207.4,124.5,105.8,78.1,62.6,41.5,0.000,0.000,0.000,0.000,0.000,0.41,0.00,0.00,0,-0.09,-9.00,24.0,30.0,30.0,28.8,26.2,23.7,21.2,18.7,16.2,15.0,15.0,15.0,0.0,0.0,0.0,0.0,0.0,0.0,0.0,0.0,0.0,0.0,0.0,0.0,0.0,3.0,7.0,13.0,19.0,369.41
31,3,2000,10,2,263.7,0.0,3.0,0.0,3.0,0.0,0.0,0.0,-9.90,3.3,3.3,99,0.1,0.1,100,3.4,3.3,99,4.3,0.43,0,0,0,0,1.4,0.03,0.1,0.1,100,18.0,0,0.021,-9.9,0.000,100,0.00,263.7,233.7,0.43,121.3,217.0,130.2,112.0,82.7,66.3,43.4,0.000,0.000,0.000,0.000,0.000,0.43,0.00,0.00,0,-0.09,-9.00,23.7,30.0,30.0,28.8,26.2,23.7,21.2,18.7,16.2,15.0,15.0,15.0,0.0,0.0,0.0,0.0,0.0,0.0,0.0,0.0,0.0,0.0,0.0,0.0,0.0,3.4,2.5,11.3,20.0,369.41
1,4,2000,11,2,263.4,0.0,3.0,0.0,3.0,0.0,0.0,0.0,-9.90,3.3,3.2,99,0.1,0.1,100,3.3,3.3,99,6.0,0.45,0,0,0,0,1.6,0.03,0.1,0.1,100,18.0,0,0.027,-9.9,0.000,100,0.00,263.4,233.4,0.45,125.8,226.1,135.7,116.0,85.6,68.7,45.2,0.000,0.000,0.000,0.000,0.000,0.45,0.00,0.00,0,-0.09,-9.00,23.4,30.0,30.0,28.8,26.2,23.7,21.2,18.7,16.2,15.0,15.0,15.0,0.0,0.0,0.0,0.0,0.0,0.0,0.0,0.0,0.0,0.0,0.0,0.0,0.0,3.2,6.0,13.0,20.0,369.41
2,4,2000,12,2,262.9,0.0,3.0,0.0,3.0,0.0,0.0,0.0,-9.90,3.4,3.3,99,0.1,0.1,100,3.5,3.4,99,4.6,0.47,0,0,0,0,1.8,0.03,0.1,0.1,100,18.0,0,0.033,-9.9,0.000,100,0.00,262.9,232.9,0.47,130.0,234.9,141.0,121.6,89.8,72.0,47.0,0.000,0.000,0.000,0.000,0.000,0.47,0.00,0.00,0,-0.09,-9.00,22.9,30.0,30.0,28.8,26.2,23.7,21.2,18.7,16.2,15.0,15.0,15.0,0.0,0.0,0.0,0.0,0.0,0.0,0.0,0.0,0.0,0.0,0.0,0.0,0.0,3.5,3.0,11.6,20.2,369.41
3,4,2000,13,2,264.3,0.4,3.0,0.0,3.4,0.0,0.0,0.0,-9.90,1.9,1.9,100,0.1,0.1,100,2.0,2.0,100,5.5,0.49,0,0,0,0,2.0,0.04,0.1,0.1,100,18.0,0,0.039,-9.9,0.000,100,0.00,264.3,234.3,0.49,135.9,243.5,146.1,119.8,88.2,70.8,48.7,0.000,0.000,0.000,0.000,0.000,0.49,0.00,0.00,0,-0.09,-9.00,24.3,30.0,30.0,28.8,26.2,23.7,21.2,18.7,16.2,15.0,15.0,15.0,0.0,0.0,0.0,0.0,0.0,0.0,0.0,0.0,0.0,0.0,0.0,0.0,0.4,1.8,9.0,12.5,16.0,369.41
4,4,2000,14,2,263.2,0.0,2.0,0.0,2.0,0.0,0.0,0.0,-9.90,3.0,3.0,97,0.1,0.1,100,3.2,3.1,97,10.3,0.50,0,0,0,0,2.3,0.04,0.1,0.1,100,18.0,0,0.047,-9.9,0.000,100,0.00,263.2,233.2,0.50,139.1,251.7,151.0,129.1,95.3,76.4,50.3,0.000,0.000,0.000,0.000,0.000,0.50,0.00,0.00,0,-0.09,-9.00,23.2,30.0,30.0,28.8,26.2,23.7,21.2,18.7,16.2,15.0,15.0,15.0,0.0,0.0,0.0,0.0,0.0,0.0,0.0,0.0,0.0,0.0,0.0,0.0,0.0,3.2,11.5,17.3,23.0,369.41
5,4,2000,15,2,263.1,0.0,3.0,0.0,3.0,0.0,0.0,0.0,-9.90,3.0,3.0,100,0.2,0.2,100,3.2,3.2,100,8.8,0.52,0,0,0,0,2.6,0.05,0.2,0.2,100,18.0,0,0.056,-9.9,0.000,100,0.00,263.1,233.1,0.52,142.7,259.8,155.9,133.3,98.4,78.9,52.0,0.000,0.000,0.000,0.000,0.000,0.52,0.00,0.00,0,-0.09,-9.00,23.1,30.0,30.0,28.8,26.2,23.7,21.2,18.7,16.2,15.0,15.0,15.0,0.0,0.0,0.0,0.0,0.0,0.0,0.0,0.0,0.0,0.0,0.0,0.0,0.0,3.2,11.5,15.8,20.0,369.41
6,4,2000,16,2,263.3,0.4,3.0,0.0,3.4,0.0,0.0,0.0,-9.90,3.0,3.0,100,0.2,0.2,100,3.2,3.2,100,7.8,0.54,0,0,0,0,2.9,0.05,0.2,0.2,100,18.0,0,0.065,-9.9,0.000,100,0.00,263.3,233.3,0.54,146.6,267.6,160.6,136.1,100.4,80.5,53.5,0.000,0.000,0.000,0.000,0.000,0.54,0.00,0.00,0,-0.09,-9.00,23.3,30.0,30.0,28.8,26.2,23.7,21.2,18.7,16.2,15.0,15.0,15.0,0.0,0.0,0.0,0.0,0.0,0.0,0.0,0.0,0.0,0.0,0.0,0.0,0.4,2.9,10.5,14.8,19.0,369.41
7,4,2000,17,2,264.0,0.2,3.0,0.0,3.2,0.0,0.0,0.0,-9.90,2.3,2.3,100,0.1,0.1,100,2.4,2.4,100,2.3,0.55,0,0,0,0,3.3,0.06,0.1,0.1,100,18.0,0,0.076,-9.9,0.000,100,0.00,264.0,234.0,0.55,151.0,275.3,165.2,137.1,101.0,81.1,55.1,0.000,0.000,0.000,0.000,0.000,0.55,0.00,0.00,0,-0.09,-9.00,24.0,30.0,30.0,28.8,26.2,23.7,21.2,18.7,16.2,15.0,15.0,15.0,0.0,0.0,0.0,0.0,0.0,0.0,0.0,0.0,0.0,0.0,0.0,0.0,0.2,2.2,5.0,9.3,13.5,369.41
8,4,2000,18,2,263.1,0.0,2.0,0.0,2.0,0.0,0.0,0.0,-9.90,2.8,2.7,98,0.2,0.2,100,3.0,2.9,99,2.0,0.57,0,0,0,0,3.7,0.07,0.2,0.2,100,18.0,0,0.089,-9.9,0.000,100,0.00,263.1,233.1,0.57,153.7,282.8,169.7,144.2,106.4,85.3,56.6,0.000,0.000,0.000,0.000,0.000,0.57,0.00,0.00,0,-0.09,-9.00,23.1,30.0,30.0,28.8,26.2,23.7,21.2,18.7,16.2,15.0,15.0,15.0,0.0,0.0,0.0,0.0,0.0,0.0,0.0,0.0,0.0,0.0,0.0,0.0,0.0,3.0,3.0,9.0,15.0,369.41
9,4,2000,19,2,262.7,0.0,2.0,0.0,2.0,0.0,0.0,0.0,-9.90,2.2,2.2,99,0.2,0.2,100,2.4,2.4,99,0.8,0.58,0,0,0,0,4.2,0.08,0.2,0.2,100,18.0,0,0.103,-9.9,0.000,100,0.00,262.7,232.7,0.58,156.7,290.1,174.1,144.5,106.4,85.4,58.0,0.000,0.000,0.000,0.000,0.000,0.58,0.00,0.00,0,-0.09,-9.00,22.7,30.0,30.0,28.8,26.2,23.7,21.2,18.7,16.2,15.0,15.0,15.0,0.0,0.0,0.0,0.0,0.0,0.0,0.0,0.0,0.0,0.0,0.0,0.0,0.0,2.2,1.0,7.8,14.5,369.41
10,4,2000,20,2,264.0,0.8,2.0,0.0,2.8,0.0,0.0,0.0,-9.90,1.4,1.4,100,0.1,0.1,100,1.5,1.5,100,3.1,0.59,0,0,0,0,4.8,0.09,0.1,0.1,100,18.0,0,0.119,-9.9,0.000,100,0.00,264.0,234.0,0.59,161.4,297.3,178.4,144.5,106.2,85.4,59.5,0.000,0.000,0.000,0.000,0.000,0.59,0.00,0.00,0,-0.09,-9.00,24.0,30.0,30.0,28.8,26.2,23.7,21.2,18.7,16.2,15.0,15.0,15.0,0.0,0.0,0.0,0.0,0.0,0.0,0.0,0.0,0.0,0.0,0.0,0.0,0.8,1.4,8.0,10.1,12.1,369.41
11,4,2000,21,2,262.5,0.2,1.0,0.0,1.2,0.0,0.0,0.0,-9.90,2.5,2.4,95,0.3,0.3,100,2.8,2.7,96,5.9,0.61,0,0,0,0,5.4,0.10,0.3,0.3,100,18.0,0,0.136,-9.9,0.000,100,0.00,262.5,232.5,0.61,163.1,304.3,182.6,154.3,113.8,91.3,60.9,0.000,0.000,0.000,0.000,0.000,0.61,0.00,0.00,0,-0.09,-9.00,22.5,30.0,30.0,28.8,26.2,23.7,21.2,18.7,16.2,15.0,15.0,15.0,0.0,0.0,0.0,0.0,0.0,0.0,0.0,0.0,0.0,0.0,0.0,0.0,0.2,2.8,6.8,12.9,19.0,369.41
12,4,2000,22,2,260.8,0.0,2.0,0.0,2.0,0.0,0.0,0.0,-9.90,3.4,3.3,96,0.4,0.4,100,3.8,3.7,97,7.3,0.62,0,0,0,0,6.1,0.11,0.4,0.4,100,18.0,0,0.156,-9.9,0.000,100,0.00,260.8,230.8,0.62,164.3,311.3,186.8,162.5,120.1,96.2,62.3,0.000,0.000,0.000,0.000,0.000,0.62,0.00,0.00,0,-0.09,-9.00,20.8,30.0,30.0,28.8,26.2,23.7,21.2,18.7,16.2,15.0,15.0,15.0,0.0,0.0,0.0,0.0,0.0,0.0,0.0,0.0,0.0,0.0,0.0,0.0,0.0,3.8,6.5,14.3,22.0,369.41
13,4,2000,23,2,260.1,0.0,3.0,0.0,3.0,0.0,0.0,0.0,-9.90,3.3,3.2,100,0.5,0.5,100,3.7,3.7,100,10.0,0.64,0,0,0,0,6.9,0.13,0.5,0.5,100,18.0,0,0.179,-9.9,0.000,100,0.00,260.1,230.1,0.64,166.5,318.1,190.9,165.1,122.0,97.7,63.6,0.000,0.000,0.000,0.000,0.000,0.64,0.00,0.00,0,-0.09,-9.00,20.1,30.0,30.0,28.8,26.2,23.7,21.2,18.7,16.2,15.0,15.0,15.0,0.0,0.0,0.0,0.0,0.0,0.0,0.0,0.0,0.0,0.0,0.0,0.0,0.0,3.6,12.0,17.0,22.0,369.41
14,4,2000,24,2,259.9,0.0,3.0,0.0,3.0,0.0,0.0,0.0,-9.90,2.8,2.8,100,0.4,0.4,100,3.2,3.2,100,9.3,0.65,0,0,0,0,7.8,0.14,0.4,0.4,100,18.0,0,0.204,-9.9,0.000,100,0.00,259.9,229.9,0.65,169.2,324.8,194.9,165.2,121.8,97.7,65.0,0.000,0.000,0.000,0.000,0.000,0.65,0.00,0.00,0,-0.09,-9.00,19.9,30.0,30.0,28.8,26.2,23.7,21.2,18.7,16.2,15.0,15.0,15.0,0.0,0.0,0.0,0.0,0.0,0.0,0.0,0.0,0.0,0.0,0.0,0.0,0.0,2.9,10.5,16.3,22.0,369.41
15,4,2000,25,2,259.6,0.0,3.0,0.0,3.0,0.0,0.0,0.0,-9.90,2.8,2.8,100,0.5,0.5,100,3.3,3.3,100,10.8,0.66,0,0,0,0,8.8,0.16,0.5,0.5,100,18.0,0,0.233,-9.9,0.000,100,0.00,259.6,229.6,0.66,171.7,331.4,198.8,170.5,125.9,100.9,66.3,0.000,0.000,0.000,0.000,0.000,0.66,0.00,0.00,0,-0.09,-9.00,19.6,30.0,30.0,28.8,26.2,23.7,21.2,18.7,16.2,15.0,15.0,15.0,0.0,0.0,0.0,0.0,0.0,0.0,0.0,0.0,0.0,0.0,0.0,0.0,0.0,3.3,11.0,17.8,24.5,369.41
16,4,2000,26,2,258.5,0.0,3.0,0.0,3.0,0.0,0.0,0.0,-9.90,3.5,3.3,96,0.7,0.7,100,4.2,4.1,97,10.5,0.68,0,0,0,0,9.9,0.18,0.7,0.7,100,18.0,0,0.265,-9.9,0.000,100,0.00,258.5,228.5,0.68,173.4,337.9,202.8,178.4,132.0,105.7,67.6,0.000,0.000,0.000,0.000,0.000,0.68,0.00,0.00,0,-0.09,-9.00,18.5,30.0,30.0,28.8,26.2,23.7,21.2,18.7,16.2,15.0,15.0,15.0,0.0,0.0,0.0,0.0,0.0,0.0,0.0,0.0,0.0,0.0,0.0,0.0,0.0,4.2,9.0,17.5,26.0,369.41
17,4,2000,27,2,258.4,0.0,4.0,0.0,4.0,0.0,0.0,0.0,-9.90,3.3,3.3,100,0.8,0.8,100,4.1,4.1,100,8.3,0.69,0,0,0,0,11.2,0.20,0.8,0.8,100,18.0,0,0.301,-9.9,0.000,100,0.00,258.4,228.4,0.69,176.0,344.4,206.6,180.3,133.3,106.7,68.9,0.000,0.000,0.000,0.000,0.000,0.69,0.00,0.00,0,-0.09,-9.00,18.4,30.0,30.0,28.8,26.2,23.7,21.2,18.7,16.2,15.0,15.0,15.0,0.0,0.0,0.0,0.0,0.0,0.0,0.0,0.0,0.0,0.0,0.0,0.0,0.0,3.9,7.0,15.3,23.5,369.41
18,4,2000,28,2,260.1,0.0,4.0,0.0,4.0,0.0,0.0,0.0,-9.90,1.8,1.8,100,0.5,0.5,100,2.3,2.3,100,7.5,0.70,0,0,0,0,12.7,0.22,0.5,0.5,100,18.0,0,0.341,-9.9,0.000,100,0.00,260.1,230.1,0.70,180.3,350.7,210.4,174.1,128.2,103.0,70.1,0.000,0.000,0.000,0.000,0.000,0.70,0.00,0.00,0,-0.09,-9.00,20.1,30.0,30.0,28.8,26.2,23.7,21.2,18.7,16.2,15.0,15.0,15.0,0.0,0.0,0.0,0.0,0.0,0.0,0.0,0.0,0.0,0.0,0.0,0.0,0.0,2.1,11.0,14.5,18.0,369.41
19,4,2000,29,2,259.0,0.0,2.0,0.0,2.0,0.0,0.0,0.0,-9.90,2.4,2.3,97,0.8,0.8,100,3.1,3.1,98,9.0,0.71,0,0,0,0,14.4,0.25,0.8,0.8,100,18.0,0,0.386,-9.9,0.000,100,0.00,259.0,229.0,0.71,181.6,357.0,214.2,182.6,134.7,108.1,71.4,0.000,0.000,0.000,0.000,0.000,0.71,0.00,0.00,0,-0.09,-9.00,19.0,30.0,30.0,28.8,26.2,23.7,21.2,18.7,16.2,15.0,15.0,15.0,0.0,0.0,0.0,0.0,0.0,0.0,0.0,0.0,0.0,0.0,0.0,0.0,0.0,3.1,11.5,16.0,20.5,369.41
20,4,2000,30,2,259.0,0.0,3.0,0.0,3.0,0.0,0.0,0.0,-9.90,2.2,2.2,100,0.8,0.8,100,3.0,3.0,100,10.5,0.73,0,0,0,0,16.3,0.28,0.8,0.8,100,18.0,0,0.436,-9.9,0.000,100,0.00,259.0,229.0,0.73,184.0,363.1,217.9,183.6,135.4,108.6,72.6,0.000,0.000,0.000,0.000,0.000,0.73,0.00,0.00,0,-0.09,-9.00,19.0,30.0,30.0,28.8,26.2,23.7,21.2,18.7,16.2,15.0,15.0,15.0,0.0,0.0,0.0,0.0,0.0,0.0,0.0,0.0,0.0,0.0,0.0,0.0,0.0,2.7,12.5,17.5,22.5,369.41
21,4,2000,31,2,257.4,0.0,2.0,0.0,2.0,0.0,0.0,0.0,-9.90,2.7,2.5,91,1.2,1.2,100,3.9,3.7,94,11.6,0.74,1,0,0,0,18.4,0.31,1.2,1.2,100,18.0,0,0.492,-9.9,0.000,100,0.00,257.4,227.4,0.74,184.6,369.2,221.5,192.8,142.5,114.1,73.8,0.000,0.000,0.000,0.000,0.000,0.74,0.00,0.00,0,-0.09,-9.00,17.4,30.0,30.0,28.8,26.2,23.7,21.2,18.7,16.2,15.0,15.0,15.0,0.0,0.0,0.0,0.0,0.0,0.0,0.0,0.0,0.0,0.0,0.0,0.0,0.0,3.8,12.5,18.6,24.8,369.41
22,4,2000,32,2,256.1,0.0,3.0,0.0,3.0,0.0,0.0,0.0,-9.90,2.9,2.8,97,1.5,1.5,100,4.4,4.3,98,12.5,0.75,3,0,0,0,20.7,0.35,1.5,1.5,100,18.0,0,0.555,-9.9,0.000,100,0.00,256.1,226.1,0.75,185.6,375.3,225.2,198.7,147.0,117.7,75.1,0.000,0.000,0.000,0.000,0.000,0.75,0.00,0.00,0,-0.09,-9.00,16.1,30.0,30.0,28.8,26.2,23.7,21.2,18.7,16.2,15.0,15.0,15.0,0.0,0.0,0.0,0.0,0.0,0.0,0.0,0.0,0.0,0.0,0.0,0.0,0.0,4.3,11.0,19.5,28.0,369.41
23,4,2000,33,2,255.0,0.0,4.0,0.0,4.0,0.0,0.0,0.0,-9.90,3.2,3.2,100,1.9,1.9,100,5.0,5.0,100,12.3,0.76,5,0,0,0,23.2,0.38,1.9,1.9,100,18.0,0,0.624,-9.9,0.000,100,0.00,255.0,225.0,0.76,186.8,381.3,228.8,205.3,152.1,121.7,76.3,0.000,0.000,0.000,0.000,0.000,0.76,0.00,0.00,0,-0.09,-9.00,15.0,30.0,30.0,28.8,26.2,23.7,21.2,18.7,16.2,15.0,15.0,15.0,0.0,0.0,0.0,0.0,0.0,0.0,0.0,0.0,0.0,0.0,0.0,0.0,0.0,4.9,10.5,20.6,30.8,369.41
24,4,2000,34,2,255.1,0.0,4.0,0.0,4.0,0.0,0.0,0.0,-9.90,2.4,2.4,100,1.5,1.5,100,4.0,4.0,100,11.9,0.77,3,0,0,0,26.2,0.43,1.5,1.5,100,18.0,0,0.701,-9.9,0.000,100,0.00,255.1,225.1,0.77,189.0,387.2,232.3,200.9,148.4,119.0,77.4,0.000,0.000,0.000,0.000,0.000,0.77,0.00,0.00,0,-0.09,-9.00,15.1,30.0,30.0,28.8,26.2,23.7,21.2,18.7,16.2,15.0,15.0,15.0,0.0,0.0,0.0,0.0,0.0,0.0,0.0,0.0,0.0,0.0,0.0,0.0,0.0,3.6,16.0,18.9,21.8,369.41
25,4,2000,35,3,253.7,0.0,3.0,0.0,3.0,0.0,0.0,0.0,-9.90,2.4,2.4,100,1.9,1.9,100,4.4,4.4,100,7.9,0.79,5,0,0,0,29.4,0.47,1.9,1.9,100,18.0,0,0.785,-9.9,0.000,100,0.00,253.7,223.7,0.79,189.8,393.0,235.8,206.9,153.0,122.6,78.6,0.000,0.000,0.000,0.000,0.000,0.79,0.00,0.00,0,-0.09,-9.00,13.7,30.0,30.0,28.8,26.2,23.7,21.2,18.7,16.2,15.0,15.0,15.0,0.0,0.0,0.0,0.0,0.0,0.0,0.0,0.0,0.0,0.0,0.0,0.0,0.0,4.1,7.8,14.9,22.0,369.41
26,4,2000,36,3,252.7,0.0,4.0,0.0,4.0,0.0,0.0,0.0,-9.90,2.5,2.5,100,2.5,2.5,100,5.0,5.0,100,9.5,0.80,7,0,0,0,33.0,0.52,2.5,2.5,100,18.0,0,0.878,-9.9,0.000,99,0.00,252.7,222.7,0.80,191.0,398.8,239.3,214.2,158.6,126.9,79.8,0.000,0.000,0.000,0.000,0.000,0.80,0.00,0.00,0,-0.09,-9.00,13.1,29.6,30.0,28.8,26.2,23.7,21.2,18.7,16.2,15.0,15.0,15.0,0.0,0.0,0.0,0.0,0.0,0.0,0.0,0.0,0.0,0.0,0.0,0.0,0.0,4.8,7.0,16.5,26.0,369.41
27,4,2000,37,3,251.8,0.0,4.0,0.0,4.0,0.0,0.0,0.0,-9.90,2.4,2.4,100,2.5,2.5,100,5.0,5.0,100,10.6,0.81,7,0,0,0,37.0,0.57,2.5,2.5,100,18.0,0,0.980,-9.9,0.000,99,0.00,251.8,221.8,0.81,192.0,404.5,242.7,215.4,159.4,127.6,80.9,0.000,0.000,0.000,0.000,0.000,0.81,0.00,0.00,0,-0.09,-9.00,12.6,29.2,30.0,28.8,26.2,23.7,21.2,18.7,16.2,15.0,15.0,15.0,0.0,0.0,0.0,0.0,0.0,0.0,0.0,0.0,0.0,0.0,0.0,0.0,0.0,4.5,8.0,17.6,27.2,369.41
28,4,2000,38,3,251.7,0.0,4.0,0.0,4.0,0.0,0.0,0.0,-9.90,1.8,1.8,100,2.3,2.3,100,4.1,4.1,100,12.0,0.82,6,0,0,0,41.1,0.62,2.3,2.3,100,18.0,0,1.091,1.5,0.016,99,0.01,251.7,221.7,0.82,193.8,410.2,246.1,213.5,157.8,126.4,82.0,0.000,0.000,0.000,0.000,0.000,0.82,0.00,0.00,0,-0.09,-9.00,12.7,29.0,30.0,28.8,26.2,23.7,21.2,18.7,16.2,15.0,15.0,15.0,0.0,0.0,0.0,0.0,0.0,0.0,0.0,0.0,0.0,0.0,0.0,0.0,0.0,3.7,11.0,19.0,27.0,369.41
29,4,2000,39,3,252.7,0.2,4.0,0.0,4.2,0.0,0.0,0.0,-9.90,1.3,1.3,100,1.9,1.9,100,3.2,3.2,100,10.3,0.83,4,0,0,0,44.9,0.66,1.9,1.9,100,18.0,0,1.209,1.7,0.021,99,0.02,252.7,222.7,0.83,196.6,415.8,249.5,211.5,156.0,125.1,83.2,0.000,0.000,0.000,0.000,0.000,0.83,0.00,0.00,0,-0.09,-9.00,13.7,29.0,30.0,28.8,26.2,23.7,21.2,18.7,16.2,15.0,15.0,15.0,0.0,0.0,0.0,0.0,0.0,0.0,0.0,0.0,0.0,0.0,0.0,0.0,0.2,2.9,11.0,17.3,23.5,369.41
30,4,2000,40,3,253.3,0.8,3.0,0.0,3.8,0.0,0.0,0.0,-9.90,1.2,1.2,100,2.0,2.0,100,3.2,3.2,100,9.4,0.84,4,0,0,0,48.2,0.69,2.0,2.0,100,18.0,0,1.334,2.0,0.026,99,0.02,253.3,223.3,0.84,199.0,421.4,252.9,214.3,158.1,126.8,84.3,0.000,0.000,0.000,0.000,0.000,0.84,0.00,0.00,0,-0.09,-9.00,14.3,29.0,30.0,28.8,26.2,23.7,21.2,18.7,16.2,15.0,15.0,15.0,0.0,0.0,0.0,0.0,0.0,0.0,0.0,0.0,0.0,0.0,0.0,0.0,0.8,2.9,11.8,16.4,21.0,369.41
1,5,2000,41,3,252.3,0.2,3.0,0.0,3.2,0.0,0.0,0.0,-9.90,1.4,1.4,100,2.9,2.9,100,4.2,4.2,100,9.8,0.85,8,0,0,0,51.1,0.72,2.9,2.9,100,18.0,0,1.464,2.3,0.033,99,0.02,252.3,222.3,0.85,199.8,427.0,256.2,224.2,165.7,132.7,85.4,0.000,0.000,0.000,0.000,0.000,0.85,0.00,0.00,0,-0.09,-9.00,13.8,28.4,30.0,28.8,26.2,23.7,21.2,18.7,16.2,15.0,15.0,15.0,0.0,0.0,0.0,0.0,0.0,0.0,0.0,0.0,0.0,0.0,0.0,0.0,0.2,4.0,10.0,16.8,23.6,369.41
2,5,2000,42,3,253.0,0.6,4.0,0.0,4.6,0.0,0.0,0.0,-9.90,1.2,1.2,100,2.6,2.6,100,3.9,3.9,100,8.4,0.86,6,0,0,0,53.7,0.75,2.6,2.6,100,18.0,0,1.599,2.6,0.041,99,0.03,253.0,223.0,0.86,202.3,432.4,259.5,223.8,165.3,132.5,86.5,0.000,0.000,0.000,0.000,0.000,0.86,0.00,0.00,0,-0.09,-9.00,14.8,28.2,30.0,28.8,26.2,23.7,21.2,18.7,16.2,15.0,15.0,15.0,0.0,0.0,0.0,0.0,0.0,0.0,0.0,0.0,0.0,0.0,0.0,0.0,0.6,3.5,8.9,15.4,22.0,369.41
3,5,2000,43,3,251.9,0.0,3.0,0.0,3.0,0.0,0.0,0.0,-9.90,1.2,1.2,100,2.9,2.9,100,4.2,4.2,100,11.0,0.88,8,0,0,0,56.0,0.77,2.9,2.9,100,18.0,0,1.738,2.9,0.051,99,0.04,251.9,221.9,0.88,202.9,437.9,262.7,228.6,168.9,135.3,87.6,0.000,0.000,0.000,0.000,0.000,0.88,0.00,0.00,0,-0.09,-9.00,14.2,27.7,30.0,28.8,26.2,23.7,21.2,18.7,16.2,15.0,15.0,15.0,0.0,0.0,0.0,0.0,0.0,0.0,0.0,0.0,0.0,0.0,0.0,0.0,0.0,3.8,11.5,18.0,24.5,369.41
4,5,2000,44,3,250.7,0.0,4.0,0.0,4.0,0.0,0.0,0.0,-9.90,1.3,1.3,100,3.8,3.8,100,5.1,5.1,100,11.9,0.89,13,0,0,0,57.9,0.79,3.8,3.8,100,18.0,0,1.881,3.4,0.063,99,0.04,250.7,220.7,0.89,203.5,443.3,266.0,238.0,176.3,141.0,88.7,0.000,0.000,0.000,0.000,0.000,0.89,0.00,0.00,0,-0.09,-9.00,14.5,26.2,30.0,28.8,26.2,23.7,21.2,18.7,16.2,15.0,15.0,15.0,0.0,0.0,0.0,0.0,0.0,0.0,0.0,0.0,0.0,0.0,0.0,0.0,0.0,4.8,10.6,18.9,27.2,369.41
5,5,2000,45,3,250.9,0.0,4.0,0.0,4.0,0.0,0.0,0.0,-9.90,1.0,1.0,100,2.8,2.8,100,3.9,3.9,100,11.5,0.90,9,0,0,0,59.7,0.81,2.8,2.8,100,18.0,0,2.026,3.8,0.078,98,0.05,250.9,220.9,0.90,205.4,448.6,269.2,232.2,171.5,137.4,89.7,0.000,0.000,0.000,0.000,0.000,0.90,0.00,0.00,0,-0.09,-9.00,15.0,25.9,30.0,28.8,26.2,23.7,21.2,18.7,16.2,15.0,15.0,15.0,0.0,0.0,0.0,0.0,0.0,0.0,0.0,0.0,0.0,0.0,0.0,0.0,0.0,3.5,12.0,18.5,25.0,369.41
6,5,2000,46,3,249.0,0.0,3.0,0.0,3.0,0.0,0.0,0.0,-9.90,1.1,1.1,100,3.7,3.7,100,4.8,4.8,100,12.5,0.91,14,0,0,0,61.2,0.82,3.7,3.7,100,18.0,0,2.174,4.4,0.095,98,0.06,249.0,219.0,0.91,205.2,453.9,272.3,241.7,178.9,143.2,90.8,0.000,0.000,0.000,0.000,0.000,0.91,0.00,0.00,0,-0.09,-9.00,14.5,24.6,30.0,28.8,26.2,23.7,21.2,18.7,16.2,15.0,15.0,15.0,0.0,0.0,0.0,0.0,0.0,0.0,0.0,0.0,0.0,0.0,0.0,0.0,0.0,4.5,12.0,19.5,27.0,369.41
7,5,2000,47,3,248.6,0.2,4.0,0.0,4.2,0.0,0.0,0.0,-9.90,1.1,1.1,100,3.5,3.5,100,4.6,4.6,100,12.1,0.92,14,0,0,0,62.6,0.83,3.5,3.5,100,18.0,0,2.324,5.0,0.115,98,0.07,248.6,218.6,0.92,206.4,459.2,275.5,242.4,179.3,143.6,91.8,0.000,0.000,0.000,0.000,0.000,0.92,0.00,0.00,0,-0.09,-9.00,15.1,23.5,30.0,28.8,26.2,23.7,21.2,18.7,16.2,15.0,15.0,15.0,0.0,0.0,0.0,0.0,0.0,0.0,0.0,0.0,0.0,0.0,0.0,0.0,0.2,4.2,11.8,19.1,26.5,369.41
8,5,2000,48,3,248.3,0.8,4.0,0.0,4.8,0.0,0.0,0.0,-9.90,1.1,1.1,100,4.1,4.1,100,5.2,5.2,100,15.3,0.93,18,0,0,0,63.7,0.84,4.1,4.1,100,18.0,0,2.476,5.6,0.140,98,0.08,248.3,218.3,0.93,207.6,464.4,278.6,249.4,184.7,147.8,92.9,0.000,0.000,0.000,0.000,0.000,0.93,0.00,0.00,0,-0.09,-9.00,16.3,22.0,30.0,28.8,26.2,23.7,21.2,18.7,16.2,15.0,15.0,15.0,0.0,0.0,0.0,0.0,0.0,0.0,0.0,0.0,0.0,0.0,0.0,0.0,0.8,4.8,16.5,23.0,29.5,369.41
9,5,2000,49,3,248.2,0.2,4.0,0.0,4.2,0.0,0.0,0.0,-9.90,1.0,1.0,100,3.3,3.3,100,4.3,4.3,100,13.1,0.94,15,0,0,0,64.9,0.85,3.3,3.3,100,18.0,0,2.630,6.4,0.168,98,0.10,248.2,218.2,0.94,209.0,469.6,281.8,245.8,181.7,145.6,93.9,0.000,0.000,0.000,0.000,0.000,0.94,0.00,0.00,0,-0.09,-9.00,16.9,21.2,30.0,28.8,26.2,23.7,21.2,18.7,16.2,15.0,15.0,15.0,0.0,0.0,0.0,0.0,0.0,0.0,0.0,0.0,0.0,0.0,0.0,0.0,0.2,3.9,13.0,20.1,27.2,369.41
10,5,2000,50,3,247.2,0.0,4.0,0.0,4.0,0.0,0.0,0.0,-9.90,1.0,1.0,100,4.0,4.0,100,5.0,5.0,100,14.8,0.95,19,0,0,0,65.8,0.86,4.0,4.0,100,18.0,0,2.785,7.2,0.202,98,0.11,247.2,217.2,0.95,209.6,474.7,284.8,253.5,187.7,150.2,94.9,0.000,0.000,0.000,0.000,0.000,0.95,0.00,0.00,0,-0.09,-9.00,17.4,19.8,30.0,28.8,26.2,23.7,21.2,18.7,16.2,15.0,15.0,15.0,0.0,0.0,0.0,0.0,0.0,0.0,0.0,0.0,0.0,0.0,0.0,0.0,0.0,4.6,15.5,23.1,30.8,369.41
11,5,2000,51,3,246.1,0.0,4.0,0.0,4.0,0.0,0.0,0.0,-9.90,1.0,1.0,100,4.1,4.1,100,5.1,5.1,100,14.5,0.96,22,0,0,0,66.6,0.87,4.1,4.1,100,18.0,0,2.942,8.2,0.240,98,0.13,246.1,216.1,0.96,210.1,479.9,287.9,257.0,190.2,152.2,96.0,0.000,0.000,0.000,0.000,0.000,0.96,0.00,0.00,0,-0.09,-9.00,17.8,18.3,30.0,28.8,26.2,23.7,21.2,18.7,16.2,15.0,15.0,15.0,0.0,0.0,0.0,0.0,0.0,0.0,0.0,0.0,0.0,0.0,0.0,0.0,0.0,4.7,15.0,22.1,29.2,369.41
12,5,2000,52,3,244.5,0.0,4.0,0.0,4.0,0.0,0.0,0.0,-9.90,1.0,1.0,100,4.6,4.6,100,5.6,5.6,100,15.0,0.97,28,0,0,0,67.3,0.88,4.6,4.6,100,18.0,0,3.099,9.2,0.286,98,0.15,244.5,214.5,0.97,210.0,485.0,291.0,263.3,195.1,156.1,97.0,0.000,0.000,0.000,0.000,0.000,0.97,0.00,0.00,0,-0.09,-9.00,18.2,16.3,30.0,28.8,26.2,23.7,21.2,18.7,16.2,15.0,15.0,15.0,0.0,0.0,0.0,0.0,0.0,0.0,0.0,0.0,0.0,0.0,0.0,0.0,0.0,5.2,16.0,23.4,30.8,369.41
13,5,2000,53,3,244.3,0.0,5.0,0.0,5.0,0.0,0.0,0.0,-9.90,1.0,1.0,100,4.2,4.2,100,5.3,5.3,100,14.5,0.98,26,0,0,0,68.0,0.88,4.2,4.2,100,18.0,0,3.258,10.4,0.338,98,0.18,244.3,214.3,0.98,211.3,490.0,294.0,263.1,194.8,155.9,98.0,0.000,0.000,0.000,0.000,0.000,0.98,0.00,0.00,0,-0.09,-9.00,19.6,14.7,30.0,28.8,26.2,23.7,21.2,18.7,16.2,15.0,15.0,15.0,0.0,0.0,0.0,0.0,0.0,0.0,0.0,0.0,0.0,0.0,0.0,0.0,0.0,4.8,15.0,22.5,30.0,369.41
14,5,2000,54,3,243.8,0.0,4.0,0.0,4.0,0.0,0.0,0.0,-9.90,0.9,0.9,100,3.6,3.6,100,4.5,4.5,100,14.4,0.99,23,0,0,0,68.6,0.89,3.6,3.6,100,18.0,0,3.418,11.6,0.397,98,0.20,243.8,213.8,0.99,212.3,495.0,297.0,260.6,192.7,154.4,99.0,0.000,0.000,0.000,0.000,0.000,0.99,0.00,0.00,0,-0.09,-9.00,20.1,13.6,30.0,28.8,26.2,23.7,21.2,18.7,16.2,15.0,15.0,15.0,0.0,0.0,0.0,0.0,0.0,0.0,0.0,0.0,0.0,0.0,0.0,0.0,0.0,4.1,15.8,21.4,27.0,369.41
15,5,2000,55,3,244.0,0.0,4.0,0.0,4.0,0.0,0.0,0.0,-9.90,0.7,0.7,100,3.0,3.0,100,3.7,3.7,100,12.6,1.00,20,0,0,0,69.2,0.89,3.0,3.0,100,18.0,0,3.578,12.9,0.463,98,0.23,244.0,214.0,1.00,214.0,500.0,300.0,258.0,190.5,152.7,100.0,0.000,0.000,0.000,0.000,0.000,1.00,0.00,0.00,0,-0.09,-9.00,20.8,13.2,30.0,28.8,26.2,23.7,21.2,18.7,16.2,15.0,15.0,15.0,0.0,0.0,0.0,0.0,0.0,0.0,0.0,0.0,0.0,0.0,0.0,0.0,0.0,3.4,14.8,19.6,24.5,369.41
16,5,2000,56,3,241.1,0.0,3.0,0.0,3.0,0.0,0.0,0.0,-9.90,1.0,1.0,100,4.9,4.9,100,5.9,5.9,100,13.0,1.00,38,0,0,0,69.6,0.89,4.9,4.9,100,18.0,0,3.739,14.3,0.533,98,0.26,241.1,211.1,1.00,211.1,500.0,300.0,273.7,203.0,162.3,100.0,0.000,0.000,0.000,0.000,0.000,1.00,0.00,0.00,0,-0.09,-9.00,20.2,11.7,29.1,28.8,26.2,23.7,21.2,18.7,16.2,15.0,15.0,15.0,0.0,0.0,0.0,0.0,0.0,0.0,0.0,0.0,0.0,0.0,0.0,0.0,0.0,5.5,12.0,20.3,28.5,369.41
17,5,2000,57,3,239.7,0.0,5.0,0.0,5.0,0.0,0.0,0.0,-9.90,1.1,1.1,100,5.3,5.3,100,6.4,6.4,100,12.5,1.00,43,0,0,0,69.9,0.90,5.3,5.3,100,18.0,0,3.901,15.6,0.608,98,0.29,239.7,209.7,1.00,209.7,500.0,300.0,276.7,205.3,164.1,100.0,0.000,0.000,0.000,0.000,0.000,1.00,0.00,0.00,0,-0.09,-9.00,21.6,10.8,27.4,28.8,26.2,23.7,21.2,18.7,16.2,15.0,15.0,15.0,0.0,0.0,0.0,0.0,0.0,0.0,0.0,0.0,0.0,0.0,0.0,0.0,0.0,5.9,11.0,21.0,31.0,369.41
18,5,2000,58,3,238.7,0.0,5.0,0.0,5.0,0.0,0.0,0.0,-9.90,1.1,1.1,100,5.0,5.0,100,6.0,6.0,100,13.5,1.00,42,0,0,0,70.2,0.90,5.0,5.0,100,18.0,0,4.063,16.9,0.686,98,0.31,238.7,208.7,1.00,208.7,500.0,300.0,273.7,203.0,162.3,100.0,0.000,0.000,0.000,0.000,0.000,1.00,0.00,0.00,0,-0.09,-9.00,22.9,10.3,25.5,28.8,26.2,23.7,21.2,18.7,16.2,15.0,15.0,15.0,0.0,0.0,0.0,0.0,0.0,0.0,0.0,0.0,0.0,0.0,0.0,0.0,0.0,5.5,13.0,21.7,30.4,369.41
19,5,2000,59,3,238.0,0.0,5.0,0.0,5.0,0.0,0.0,0.0,-9.90,1.0,1.0,100,4.7,4.7,100,5.7,5.7,100,15.9,1.00,40,0,0,0,70.5,0.90,4.7,4.7,100,18.0,0,4.225,18.2,0.769,98,0.34,238.0,208.0,1.00,208.0,500.0,300.0,271.5,201.2,160.9,100.0,0.000,0.000,0.000,0.000,0.000,1.00,0.00,0.00,0,-0.09,-9.00,24.3,10.1,23.6,28.8,26.2,23.7,21.2,18.7,16.2,15.0,15.0,15.0,0.0,0.0,0.0,0.0,0.0,0.0,0.0,0.0,0.0,0.0,0.0,0.0,0.0,5.2,17.8,23.1,28.5,369.41
20,5,2000,60,3,237.3,0.0,5.0,0.0,5.0,0.0,0.0,0.0,-9.90,1.0,1.0,100,4.6,4.6,100,5.6,5.6,100,13.8,1.00,40,0,0,0,70.8,0.91,4.6,4.6,100,18.0,0,4.388,19.5,0.857,98,0.37,237.3,207.3,1.00,207.3,500.0,300.0,270.7,200.6,160.5,100.0,0.000,0.000,0.000,0.000,0.000,1.00,0.00,0.00,0,-0.09,-9.00,25.8,10.0,21.6,28.8,26.2,23.7,21.2,18.7,16.2,15.0,15.0,15.0,0.0,0.0,0.0,0.0,0.0,0.0,0.0,0.0,0.0,0.0,0.0,0.0,0.0,5.1,14.5,20.8,27.0,369.41
21,5,2000,61,3,236.3,0.0,5.0,0.0,5.0,0.0,0.0,0.0,-9.90,1.0,1.0,100,5.1,5.1,100,6.1,6.1,100,13.3,1.00,47,0,0,0,71.0,0.91,5.1,5.1,100,18.0,0,4.552,20.8,0.949,98,0.40,236.3,206.3,1.00,206.3,500.0,300.0,274.5,203.6,162.7,100.0,0.000,0.000,0.000,0.000,0.000,1.00,0.00,0.00,0,-0.09,-9.00,27.2,10.0,19.5,28.4,26.2,23.7,21.2,18.7,16.2,15.0,15.0,15.0,0.0,0.0,0.0,0.0,0.0,0.0,0.0,0.0,0.0,0.0,0.0,0.0,0.0,5.6,12.5,21.3,30.0,369.41
22,5,2000,62,3,237.0,0.0,5.0,0.0,5.0,0.0,0.0,0.0,-9.90,0.7,0.7,100,3.5,3.5,100,4.3,4.3,100,15.5,1.00,31,0,0,0,71.3,0.91,3.5,3.5,100,18.0,0,4.715,22.2,1.045,98,0.43,237.0,207.0,1.00,207.0,500.0,300.0,261.8,193.5,155.0,100.0,0.000,0.000,0.000,0.000,0.000,1.00,0.00,0.00,0,-0.09,-9.00,28.9,10.0,18.5,28.4,26.2,23.7,21.2,18.7,16.2,15.0,15.0,15.0,0.0,0.0,0.0,0.0,0.0,0.0,0.0,0.0,0.0,0.0,0.0,0.0,0.0,3.9,17.0,23.0,29.0,369.41
23,5,2000,63,3,236.8,0.0,4.0,0.0,4.0,0.0,0.0,0.0,-9.90,0.7,0.7,100,3.5,3.5,100,4.2,4.2,100,14.8,1.00,31,0,0,0,71.6,0.91,3.5,3.5,100,18.0,0,4.879,23.5,1.146,98,0.47,236.8,206.8,1.00,206.8,500.0,300.0,261.0,192.9,154.5,100.0,0.000,0.000,0.000,0.000,0.000,1.00,0.00,0.00,0,-0.09,-9.00,29.6,10.0,17.6,28.4,26.2,23.7,21.2,18.7,16.2,15.0,15.0,15.0,0.0,0.0,0.0,0.0,0.0,0.0,0.0,0.0,0.0,0.0,0.0,0.0,0.0,3.8,16.8,21.8,26.8,369.41
24,5,2000,64,3,235.5,0.0,4.0,0.0,4.0,0.0,0.0,0.0,-9.90,0.8,0.8,100,4.5,4.5,100,5.3,5.3,100,14.3,1.00,42,0,0,0,71.8,0.91,4.5,4.5,100,18.0,0,5.044,24.8,1.251,98,0.50,235.5,205.5,1.00,205.5,500.0,300.0,269.3,199.4,159.5,100.0,0.000,0.000,0.000,0.000,0.000,1.00,0.00,0.00,0,-0.09,-9.00,30.2,10.0,15.7,28.4,26.2,23.7,21.2,18.7,16.2,15.0,15.0,15.0,0.0,0.0,0.0,0.0,0.0,0.0,0.0,0.0,0.0,0.0,0.0,0.0,0.0,4.9,15.0,21.3,27.5,369.41
25,5,2000,65,3,233.7,0.0,4.0,0.0,4.0,0.0,0.0,0.0,-9.90,0.9,0.9,100,4.9,4.9,100,5.8,5.8,100,13.5,1.00,50,0,0,0,72.0,0.91,4.9,4.9,100,18.0,0,5.209,26.1,1.360,98,0.53,233.7,203.7,1.00,203.7,500.0,300.0,273.0,202.4,161.8,100.0,0.000,0.000,0.000,0.000,0.000,1.00,0.00,0.00,0,-0.09,-9.00,30.6,10.0,13.9,27.9,26.2,23.7,21.2,18.7,16.2,15.0,15.0,15.0,0.0,0.0,0.0,0.0,0.0,0.0,0.0,0.0,0.0,0.0,0.0,0.0,0.0,5.4,13.0,21.5,30.0,369.41
26,5,2000,66,3,232.7,0.0,5.0,0.0,5.0,0.0,0.0,0.0,-9.90,0.9,0.9,100,5.0,5.0,100,5.9,5.9,100,13.0,1.00,53,0,0,0,72.1,0.92,5.0,5.0,100,18.0,0,5.373,27.4,1.474,98,0.56,232.7,202.7,1.00,202.7,500.0,300.0,273.7,203.0,162.3,100.0,0.000,0.000,0.000,0.000,0.000,1.00,0.00,0.00,0,-0.09,-9.00,31.7,10.1,12.4,27.2,26.2,23.7,21.2,18.7,16.2,15.0,15.0,15.0,0.0,0.0,0.0,0.0,0.0,0.0,0.0,0.0,0.0,0.0,0.0,0.0,0.0,5.5,12.0,21.0,30.0,369.41
27,5,2000,67,3,231.7,0.0,5.0,0.0,5.0,0.0,0.0,0.0,-9.90,0.9,0.9,100,5.1,5.1,100,6.1,6.1,100,13.6,1.00,57,0,0,0,72.2,0.92,5.1,5.1,100,18.0,0,5.539,28.7,1.592,98,0.59,231.7,201.7,1.00,201.7,500.0,300.0,274.5,203.6,162.7,100.0,0.000,0.000,0.000,0.000,0.000,1.00,0.00,0.00,0,-0.09,-9.00,32.0,10.5,11.3,26.6,26.2,23.7,21.2,18.7,16.2,15.0,15.0,15.0,0.0,0.0,0.0,0.0,0.0,0.0,0.0,0.0,0.0,0.0,0.0,0.0,0.0,5.6,13.2,22.0,30.8,369.41
28,5,2000,68,3,231.8,0.6,5.0,0.0,5.6,0.0,0.0,0.0,-9.90,0.9,0.9,100,4.6,4.6,100,5.5,5.5,100,14.5,1.00,50,0,0,0,72.3,0.92,4.6,4.6,100,18.0,0,5.704,30.1,1.715,98,0.63,231.8,201.8,1.00,201.8,500.0,300.0,270.0,200.0,160.0,100.0,0.000,0.000,0.000,0.000,0.000,1.00,0.00,0.00,0,-0.09,-9.00,32.7,10.8,10.6,26.3,26.2,23.7,21.2,18.7,16.2,15.0,15.0,15.0,0.0,0.0,0.0,0.0,0.0,0.0,0.0,0.0,0.0,0.0,0.0,0.0,0.6,5.0,15.0,23.5,32.0,369.41
29,5,2000,69,3,230.9,0.0,5.0,0.0,5.0,0.0,0.0,0.0,-9.90,0.9,0.9,100,5.0,5.0,100,5.9,5.9,100,15.5,1.00,56,0,0,0,72.4,0.92,5.0,5.0,100,18.0,0,5.869,31.4,1.842,98,0.66,230.9,200.9,1.00,200.9,500.0,300.0,273.0,202.4,161.8,100.0,0.000,0.000,0.000,0.000,0.000,1.00,0.00,0.00,0,-0.09,-9.00,32.3,11.4,10.2,25.7,26.2,23.7,21.2,18.7,16.2,15.0,15.0,15.0,0.0,0.0,0.0,0.0,0.0,0.0,0.0,0.0,0.0,0.0,0.0,0.0,0.0,5.4,17.0,23.5,30.0,369.41
30,5,2000,70,3,230.8,0.0,5.0,0.0,5.0,0.0,0.0,0.0,-9.90,0.8,0.8,100,4.2,4.2,100,5.1,5.1,100,16.5,1.00,48,0,0,0,72.6,0.92,4.2,4.2,100,18.0,0,6.035,32.7,1.973,98,0.69,230.8,200.8,1.00,200.8,500.0,300.0,267.0,197.6,158.2,100.0,0.000,0.000,0.000,0.000,0.000,1.00,0.00,0.00,0,-0.09,-9.00,32.3,11.5,10.1,25.7,26.2,23.7,21.2,18.7,16.2,15.0,15.0,15.0,0.0,0.0,0.0,0.0,0.0,0.0,0.0,0.0,0.0,0.0,0.0,0.0,0.0,4.6,19.0,24.5,30.0,369.41
31,5,2000,71,3,229.4,0.0,4.0,0.0,4.0,0.0,0.0,0.0,-9.90,0.8,0.8,100,4.6,4.6,100,5.4,5.4,100,15.0,1.00,55,0,0,0,72.6,0.92,4.6,4.6,100,18.0,0,6.200,34.0,2.109,98,0.73,229.4,199.4,1.00,199.4,500.0,300.0,270.0,200.0,160.0,100.0,0.000,0.000,0.000,0.000,0.000,1.00,0.00,0.00,0,-0.09,-9.00,31.3,11.6,10.0,25.2,26.2,23.7,21.2,18.7,16.2,15.0,15.0,15.0,0.0,0.0,0.0,0.0,0.0,0.0,0.0,0.0,0.0,0.0,0.0,0.0,0.0,5.0,16.0,23.0,30.0,369.41
1,6,2000,72,3,228.7,0.0,5.0,0.0,5.0,0.0,0.0,0.0,-9.90,0.9,0.9,100,4.9,4.9,100,5.7,5.7,100,14.9,1.00,60,0,0,0,72.7,0.92,4.9,4.9,100,18.0,0,6.365,35.3,2.249,98,0.76,228.7,198.7,1.00,198.7,500.0,300.0,272.2,201.8,161.4,100.0,0.000,0.000,0.000,0.000,0.000,1.00,0.00,0.00,0,-0.09,-9.00,32.0,11.2,10.0,24.2,26.2,23.7,21.2,18.7,16.2,15.0,15.0,15.0,0.0,0.0,0.0,0.0,0.0,0.0,0.0,0.0,0.0,0.0,0.0,0.0,0.0,5.3,15.8,22.0,28.2,369.41
2,6,2000,73,3,227.8,0.0,5.0,0.0,5.0,0.0,0.0,0.0,-9.90,0.9,0.9,100,5.0,5.0,100,5.9,5.9,100,14.5,1.00,65,0,0,0,72.8,0.92,5.0,5.0,100,18.0,0,6.530,36.6,2.393,98,0.79,227.8,197.8,1.00,197.8,500.0,300.0,273.7,203.0,162.3,100.0,0.000,0.000,0.000,0.000,0.000,1.00,0.00,0.00,0,-0.09,-9.00,32.1,11.3,10.0,23.1,26.2,23.7,21.2,18.7,16.2,15.0,15.0,15.0,0.0,0.0,0.0,0.0,0.0,0.0,0.0,0.0,0.0,0.0,0.0,0.0,0.0,5.5,15.0,21.5,28.0,369.41
3,6,2000,74,3,226.4,0.0,5.0,0.0,5.0,0.0,0.0,0.0,-9.90,1.0,1.0,100,5.6,5.3,96,6.6,6.3,96,13.3,1.00,78,4,0,0,72.8,0.92,5.6,5.3,96,18.0,0,6.688,38.0,2.538,98,0.83,226.4,196.4,1.00,196.4,500.0,300.0,278.2,206.5,165.0,100.0,0.000,0.000,0.000,0.000,0.000,1.00,0.00,0.00,0,-0.09,-9.00,32.1,11.4,10.0,21.6,26.2,23.7,21.2,18.7,16.2,15.0,15.0,15.0,0.0,0.0,0.0,0.0,0.0,0.0,0.0,0.0,0.0,0.0,0.0,0.0,0.0,6.1,12.5,22.0,31.5,369.41
4,6,2000,75,3,224.9,0.0,5.0,0.0,5.0,0.0,0.0,0.0,-9.90,1.0,1.0,100,6.0,5.5,92,7.0,6.5,93,13.4,1.00,89,8,0,0,72.8,0.92,6.0,5.5,92,18.0,0,6.840,39.3,2.686,98,0.85,224.9,194.9,1.00,194.9,500.0,300.0,281.2,208.9,166.8,100.0,0.000,0.000,0.000,0.000,0.000,1.00,0.00,0.00,0,-0.09,-9.00,32.0,11.5,10.0,20.1,26.2,23.7,21.2,18.7,16.2,15.0,15.0,15.0,0.0,0.0,0.0,0.0,0.0,0.0,0.0,0.0,0.0,0.0,0.0,0.0,0.0,6.5,12.8,23.1,33.5,369.41
5,6,2000,76,3,224.3,0.0,6.0,0.0,6.0,0.0,0.0,0.0,-9.90,1.1,1.1,100,6.1,5.6,91,7.2,6.6,92,14.4,1.00,95,9,0,0,72.8,0.92,6.1,5.6,91,18.0,0,6.990,40.6,2.835,98,0.88,224.3,194.3,1.00,194.3,500.0,300.0,282.7,210.1,167.7,100.0,0.000,0.000,0.000,0.000,0.000,1.00,0.00,0.00,0,-0.09,-9.00,33.0,11.6,10.0,18.5,26.2,23.7,21.2,18.7,16.2,15.0,15.0,15.0,0.0,0.0,0.0,0.0,0.0,0.0,0.0,0.0,0.0,0.0,0.0,0.0,0.0,6.7,14.8,24.8,34.8,369.41
6,6,2000,77,4,223.7,0.0,6.0,0.0,6.0,0.0,0.0,0.0,-9.90,1.1,1.1,100,6.1,5.5,90,7.2,6.6,92,15.0,1.00,97,10,0,0,72.8,0.91,6.1,5.5,90,18.0,0,7.138,41.9,2.989,98,0.91,223.7,193.7,1.00,193.7,500.0,300.0,282.7,210.1,167.7,100.0,0.000,0.000,0.000,0.000,0.000,1.00,0.00,0.00,0,-0.09,-9.00,33.2,12.1,10.0,17.1,26.2,23.7,21.2,18.7,16.2,15.0,15.0,15.0,0.0,0.0,0.0,0.0,0.0,0.0,0.0,0.0,0.0,0.0,0.0,0.0,0.0,6.7,16.0,26.0,36.0,369.41
7,6,2000,78,4,224.2,0.4,6.0,0.0,6.4,0.0,0.0,0.0,-9.90,1.0,1.0,100,5.1,4.9,96,6.1,5.9,96,15.5,1.00,77,4,0,0,72.8,0.91,5.1,4.9,96,18.0,0,7.295,43.2,3.150,98,0.95,224.2,194.2,1.00,194.2,500.0,300.0,274.5,203.6,162.7,100.0,0.000,0.000,0.000,0.000,0.000,1.00,0.00,0.00,0,-0.09,-9.00,33.8,12.6,10.0,16.5,26.2,23.7,21.2,18.7,16.2,15.0,15.0,15.0,0.0,0.0,0.0,0.0,0.0,0.0,0.0,0.0,0.0,0.0,0.0,0.0,0.4,5.6,17.0,25.3,33.6,369.41
8,6,2000,79,4,223.4,0.0,5.0,0.0,5.0,0.0,0.0,0.0,-9.90,1.0,1.0,100,5.0,4.8,95,6.0,5.8,96,17.0,1.00,78,5,0,0,72.8,0.91,5.0,4.8,95,18.0,0,7.452,44.5,3.315,97,0.98,223.4,193.4,1.00,193.4,500.0,300.0,273.7,203.0,162.3,100.0,0.000,0.000,0.000,0.000,0.000,1.00,0.00,0.00,0,-0.09,-9.00,32.6,13.3,10.0,16.2,26.2,23.7,21.2,18.7,16.2,15.0,15.0,15.0,0.0,0.0,0.0,0.0,0.0,0.0,0.0,0.0,0.0,0.0,0.0,0.0,0.0,5.5,20.0,25.5,31.0,369.41
9,6,2000,80,4,222.7,0.0,5.0,0.0,5.0,0.0,0.0,0.0,-9.90,1.0,1.0,100,4.9,4.7,95,5.9,5.6,96,15.5,1.00,79,5,0,0,72.9,0.91,4.9,4.7,95,18.0,0,7.609,45.8,3.485,97,1.01,222.7,192.7,1.00,192.7,500.0,300.0,273.0,202.4,161.8,100.0,0.000,0.000,0.000,0.000,0.000,1.00,0.00,0.00,0,-0.09,-9.00,32.2,13.2,10.0,16.0,26.2,23.7,21.2,18.7,16.2,15.0,15.0,15.0,0.0,0.0,0.0,0.0,0.0,0.0,0.0,0.0,0.0,0.0,0.0,0.0,0.0,5.4,17.0,25.3,33.5,369.41
10,6,2000,81,4,222.0,0.0,5.0,0.0,5.0,0.0,0.0,0.0,-9.90,1.0,1.0,100,5.2,4.8,93,6.2,5.8,94,15.0,1.00,86,7,0,0,72.9,0.91,5.2,4.8,93,18.0,0,7.761,47.1,3.656,97,1.04,222.0,192.0,1.00,192.0,500.0,300.0,275.2,204.1,163.2,100.0,0.000,0.000,0.000,0.000,0.000,1.00,0.00,0.00,0,-0.09,-9.00,32.1,12.9,10.0,15.6,26.2,23.7,21.2,18.7,16.2,15.0,15.0,15.0,0.0,0.0,0.0,0.0,0.0,0.0,0.0,0.0,0.0,0.0,0.0,0.0,0.0,5.7,16.0,24.0,32.0,369.41
11,6,2000,82,4,221.4,0.0,5.0,0.0,5.0,0.0,0.0,0.0,-9.90,1.0,1.0,100,4.9,4.6,94,5.9,5.6,95,15.6,1.00,83,6,0,0,72.9,0.91,4.9,4.6,94,18.0,0,7.915,48.4,3.832,97,1.08,221.4,191.4,1.00,191.4,500.0,300.0,273.0,202.4,161.8,100.0,0.000,0.000,0.000,0.000,0.000,1.00,0.00,0.00,0,-0.09,-9.00,32.1,12.6,10.0,15.4,26.2,23.7,21.2,18.7,16.2,15.0,15.0,15.0,0.0,0.0,0.0,0.0,0.0,0.0,0.0,0.0,0.0,0.0,0.0,0.0,0.0,5.4,17.2,24.2,31.2,369.41
12,6,2000,83,4,220.6,0.0,5.0,0.0,5.0,0.0,0.0,0.0,-9.90,1.0,1.0,100,5.4,4.9,91,6.3,5.8,92,15.3,1.00,95,9,0,0,72.9,0.91,5.4,4.9,91,18.0,0,8.063,49.7,4.009,97,1.11,220.6,190.6,1.00,190.6,500.0,300.0,276.7,205.3,164.1,100.0,0.000,0.000,0.000,0.000,0.000,1.00,0.00,0.00,0,-0.09,-9.00,32.1,12.4,10.0,14.8,26.2,23.7,21.2,18.7,16.2,15.0,15.0,15.0,0.0,0.0,0.0,0.0,0.0,0.0,0.0,0.0,0.0,0.0,0.0,0.0,0.0,5.9,16.5,24.8,33.0,369.41
13,6,2000,84,4,219.8,0.0,5.0,0.0,5.0,0.0,0.0,0.0,-9.90,1.0,1.0,100,5.4,4.8,90,6.3,5.8,91,16.5,1.00,98,10,0,0,72.9,0.91,5.4,4.8,90,18.0,0,8.210,51.0,4.189,97,1.14,219.8,189.8,1.00,189.8,500.0,300.0,276.7,205.3,164.1,100.0,0.000,0.000,0.000,0.000,0.000,1.00,0.00,0.00,0,-0.09,-9.00,32.1,12.2,10.0,14.2,26.2,23.7,21.2,18.7,16.2,15.0,15.0,15.0,0.0,0.0,0.0,0.0,0.0,0.0,0.0,0.0,0.0,0.0,0.0,0.0,0.0,5.9,19.0,26.5,34.0,369.41
14,6,2000,85,4,220.0,0.0,5.0,0.0,5.0,0.0,0.0,0.0,-9.90,0.8,0.8,100,4.2,4.0,96,5.0,4.8,97,17.4,1.00,75,4,0,0,72.9,0.91,4.2,4.0,96,18.0,0,8.367,52.3,4.379,97,1.18,220.0,190.0,1.00,190.0,500.0,300.0,267.0,197.6,158.2,100.0,0.000,0.000,0.000,0.000,0.000,1.00,0.00,0.00,0,-0.09,-9.00,32.2,12.2,10.0,14.2,26.2,23.7,21.2,18.7,16.2,15.0,15.0,15.0,0.0,0.0,0.0,0.0,0.0,0.0,0.0,0.0,0.0,0.0,0.0,0.0,0.0,4.6,20.8,26.8,32.8,369.41
15,6,2000,86,4,218.5,0.0,4.0,0.0,4.0,0.0,0.0,0.0,-9.90,0.9,0.9,100,5.1,4.6,90,6.0,5.5,91,16.8,1.00,98,10,0,0,72.9,0.91,5.1,4.6,90,18.0,0,8.514,53.6,4.567,97,1.21,218.5,188.5,1.00,188.5,500.0,300.0,274.5,203.6,162.7,100.0,0.000,0.000,0.000,0.000,0.000,1.00,0.00,0.00,0,-0.09,-9.00,31.2,12.2,10.0,13.9,26.2,23.7,21.2,18.7,16.2,15.0,15.0,15.0,0.0,0.0,0.0,0.0,0.0,0.0,0.0,0.0,0.0,0.0,0.0,0.0,0.0,5.6,19.5,26.8,34.0,369.41
16,6,2000,87,4,218.9,0.2,5.0,0.0,5.2,0.0,0.0,0.0,-9.90,0.8,0.8,100,4.2,4.0,95,5.0,4.8,96,16.0,1.00,79,5,0,0,72.9,0.91,4.2,4.0,95,18.0,0,8.669,54.9,4.763,97,1.24,218.9,188.9,1.00,188.9,500.0,300.0,267.0,197.6,158.2,100.0,0.000,0.000,0.000,0.000,0.000,1.00,0.00,0.00,0,-0.09,-9.00,32.2,11.6,10.0,13.9,26.2,23.7,21.2,18.7,16.2,15.0,15.0,15.0,0.0,0.0,0.0,0.0,0.0,0.0,0.0,0.0,0.0,0.0,0.0,0.0,0.2,4.6,18.0,24.5,31.0,369.41
17,6,2000,88,4,217.8,0.0,4.0,0.0,4.0,0.0,0.0,0.0,-9.90,0.8,0.8,100,4.7,4.3,91,5.5,5.1,92,14.5,1.00,93,9,0,0,72.9,0.91,4.7,4.3,91,18.0,0,8.818,56.3,4.960,96,1.28,217.8,187.8,1.00,187.8,500.0,300.0,271.5,201.2,160.9,100.0,0.000,0.000,0.000,0.000,0.000,1.00,0.00,0.00,0,-0.09,-9.00,31.3,11.6,10.0,13.7,26.2,23.7,21.2,18.7,16.2,15.0,15.0,15.0,0.0,0.0,0.0,0.0,0.0,0.0,0.0,0.0,0.0,0.0,0.0,0.0,0.0,5.2,15.0,21.5,28.0,369.41
18,6,2000,89,4,216.9,0.0,4.0,0.0,4.0,0.0,0.0,0.0,-9.90,0.8,0.8,100,4.4,4.1,92,5.3,4.9,93,11.9,1.00,91,8,0,0,72.9,0.90,4.4,4.1,92,18.0,0,8.967,57.6,5.161,96,1.31,216.9,186.9,1.00,186.9,500.0,300.0,269.3,199.4,159.5,100.0,0.000,0.000,0.000,0.000,0.000,1.00,0.00,0.00,0,-0.09,-9.00,31.0,11.2,10.0,13.5,26.2,23.7,21.2,18.7,16.2,15.0,15.0,15.0,0.0,0.0,0.0,0.0,0.0,0.0,0.0,0.0,0.0,0.0,0.0,0.0,0.0,4.9,12.8,18.9,25.0,369.41
19,6,2000,90,4,215.7,0.0,4.0,0.0,4.0,0.0,0.0,0.0,-9.90,0.9,0.9,100,5.0,4.3,87,5.8,5.2,89,13.9,1.00,100,13,0,0,72.9,0.90,5.0,4.3,87,18.0,0,9.109,58.9,5.361,96,1.35,215.7,185.7,1.00,185.7,500.0,300.0,273.7,203.0,162.3,100.0,0.000,0.000,0.000,0.000,0.000,1.00,0.00,0.00,0,-0.09,-9.00,30.8,10.8,10.0,12.8,26.2,23.7,21.2,18.7,16.2,15.0,15.0,15.0,0.0,0.0,0.0,0.0,0.0,0.0,0.0,0.0,0.0,0.0,0.0,0.0,0.0,5.5,13.8,21.8,29.8,369.41
20,6,2000,91,4,214.0,0.0,4.0,0.0,4.0,0.0,0.0,0.0,-9.90,1.0,1.0,100,5.7,4.7,82,6.7,5.7,85,14.0,1.00,100,18,0,0,72.9,0.90,5.7,4.7,82,18.0,0,9.243,60.2,5.559,96,1.38,214.0,184.0,1.00,184.0,500.0,300.0,279.7,207.7,165.9,100.0,0.000,0.000,0.000,0.000,0.000,1.00,0.00,0.00,0,-0.09,-9.00,30.7,10.6,10.0,11.7,26.0,23.7,21.2,18.7,16.2,15.0,15.0,15.0,0.0,0.0,0.0,0.0,0.0,0.0,0.0,0.0,0.0,0.0,0.0,0.0,0.0,6.3,14.0,23.5,33.0,369.41
21,6,2000,92,4,213.1,0.0,5.0,0.0,5.0,0.0,0.0,0.0,-9.90,1.1,1.1,100,6.1,4.8,79,7.2,5.9,83,14.4,1.00,-9,21,0,0,72.5,0.89,6.1,4.8,79,18.0,0,9.370,61.4,5.757,96,1.41,213.1,183.1,1.00,183.1,500.0,300.0,283.5,210.7,168.2,100.0,0.000,0.000,0.000,0.000,0.000,1.00,0.00,0.00,0,-0.09,-9.00,31.5,10.5,10.0,11.0,25.1,23.7,21.2,18.7,16.2,15.0,15.0,15.0,0.0,0.0,0.0,0.0,0.0,0.0,0.0,0.0,0.0,0.0,0.0,0.0,0.0,6.8,14.8,25.4,36.0,369.41
22,6,2000,93,4,212.2,0.0,5.0,0.0,5.0,0.0,0.0,0.0,-9.90,1.1,1.1,100,6.0,4.7,79,7.1,5.8,82,16.5,1.00,-9,21,0,0,72.1,0.88,6.0,4.7,79,18.0,0,9.496,62.7,5.956,95,1.43,212.2,182.2,1.00,182.2,500.0,300.0,283.5,210.7,168.2,100.0,0.000,0.000,0.000,0.000,0.000,1.00,0.00,0.00,0,-0.09,-9.00,31.8,10.7,10.0,10.5,24.2,23.7,21.2,18.7,16.2,15.0,15.0,15.0,0.0,0.0,0.0,0.0,0.0,0.0,0.0,0.0,0.0,0.0,0.0,0.0,0.0,6.8,19.0,28.0,37.0,369.41
23,6,2000,94,4,211.6,0.0,5.0,0.0,5.0,0.0,0.0,0.0,-9.90,1.1,1.1,100,5.7,4.5,79,6.8,5.6,83,16.0,1.00,-9,21,0,0,71.6,0.87,5.7,4.5,79,18.0,0,9.620,62.7,6.034,95,1.43,211.6,181.6,1.00,181.6,500.0,300.0,281.2,208.9,166.8,100.0,0.000,0.000,0.000,0.000,0.000,1.00,0.00,0.00,0,-0.09,-9.00,31.8,10.9,10.0,10.3,23.6,23.7,21.2,18.7,16.2,15.0,15.0,15.0,0.0,0.0,0.0,0.0,0.0,0.0,0.0,0.0,0.0,0.0,0.0,0.0,0.0,6.5,18.0,27.0,36.0,369.41
24,6,2000,95,4,211.2,0.0,5.0,0.0,5.0,0.0,0.0,0.0,-9.90,1.1,1.1,100,5.4,4.3,79,6.6,5.4,83,18.0,1.00,-9,21,0,0,71.1,0.86,5.4,4.3,79,18.0,0,9.743,62.7,6.112,95,1.43,211.2,181.2,1.00,181.2,500.0,300.0,279.7,207.7,165.9,100.0,0.000,0.000,0.000,0.000,0.000,1.00,0.00,0.00,0,-0.09,-9.00,31.9,11.1,10.0,10.1,23.1,23.7,21.2,18.7,16.2,15.0,15.0,15.0,0.0,0.0,0.0,0.0,0.0,0.0,0.0,0.0,0.0,0.0,0.0,0.0,0.0,6.3,22.0,28.5,35.0,369.41
25,6,2000,96,4,211.2,0.0,5.0,0.0,5.0,0.0,0.0,0.0,-9.90,1.1,1.1,100,4.7,3.9,83,5.7,4.9,86,17.5,1.00,-9,17,0,0,70.6,0.85,4.7,3.9,83,18.0,0,9.870,62.7,6.191,95,1.44,211.2,181.2,1.00,181.2,500.0,300.0,273.7,203.0,162.3,100.0,0.000,0.000,0.000,0.000,0.000,1.00,0.00,0.00,0,-0.09,-9.00,31.9,11.1,10.0,10.1,23.1,23.7,21.2,18.7,16.2,15.0,15.0,15.0,0.0,0.0,0.0,0.0,0.0,0.0,0.0,0.0,0.0,0.0,0.0,0.0,0.0,5.5,21.0,26.0,31.0,369.41
26,6,2000,97,4,210.7,0.0,4.0,0.0,4.0,0.0,0.0,0.0,-9.90,1.0,1.0,100,4.2,3.5,84,5.2,4.5,87,16.9,1.00,-9,16,0,0,70.0,0.84,4.2,3.5,84,18.0,0,9.998,62.7,6.271,94,1.44,210.7,180.7,1.00,180.7,500.0,300.0,270.0,200.0,160.0,100.0,0.000,0.000,0.000,0.000,0.000,1.00,0.00,0.00,0,-0.09,-9.00,31.0,11.5,10.0,10.1,23.1,23.7,21.2,18.7,16.2,15.0,15.0,15.0,0.0,0.0,0.0,0.0,0.0,0.0,0.0,0.0,0.0,0.0,0.0,0.0,0.0,5.0,19.8,23.9,28.0,369.41
27,6,2000,98,4,209.7,0.0,4.0,0.0,4.0,0.0,0.0,0.0,-9.90,1.1,1.1,100,5.0,4.0,79,6.1,5.0,82,15.9,1.00,-9,21,0,0,69.3,0.82,5.0,4.0,79,18.0,0,10.114,62.7,6.344,94,1.44,209.7,179.7,1.00,179.7,500.0,300.0,278.2,206.5,165.0,100.0,0.000,0.000,0.000,0.000,0.000,1.00,0.00,0.00,0,-0.09,-9.00,30.7,11.1,10.0,10.0,22.9,23.7,21.2,18.7,16.2,15.0,15.0,15.0,0.0,0.0,0.0,0.0,0.0,0.0,0.0,0.0,0.0,0.0,0.0,0.0,0.0,6.1,17.8,25.3,32.8,369.41
28,6,2000,99,4,208.6,0.0,4.0,0.0,4.0,0.0,0.0,0.0,-9.90,1.1,1.1,100,5.1,3.9,77,6.2,5.1,81,14.9,1.00,-9,23,0,0,68.6,0.81,5.1,3.9,77,18.0,0,10.226,62.7,6.415,94,1.44,208.6,178.6,1.00,178.6,500.0,300.0,279.7,207.7,165.9,100.0,0.000,0.000,0.000,0.000,0.000,1.00,0.00,0.00,0,-0.09,-9.00,30.5,10.7,10.0,10.0,22.5,23.7,21.2,18.7,16.2,15.0,15.0,15.0,0.0,0.0,0.0,0.0,0.0,0.0,0.0,0.0,0.0,0.0,0.0,0.0,0.0,6.3,15.8,25.0,34.2,369.41
29,6,2000,100,4,209.7,0.8,4.0,0.0,4.8,0.0,0.0,0.0,-9.90,0.9,0.9,100,3.3,2.9,87,4.2,3.8,89,16.5,1.00,-9,13,0,0,67.8,0.79,3.3,2.9,87,18.0,0,10.350,62.7,6.492,94,1.44,209.7,179.7,1.00,179.7,500.0,300.0,264.0,195.3,156.4,100.0,0.000,0.000,0.000,0.000,0.000,1.00,0.00,0.00,0,-0.09,-9.00,31.5,10.7,10.0,10.0,22.5,23.7,21.2,18.7,16.2,15.0,15.0,15.0,0.0,0.0,0.0,0.0,0.0,0.0,0.0,0.0,0.0,0.0,0.0,0.0,0.8,4.2,19.0,24.0,29.0,369.41
30,6,2000,101,4,207.7,0.0,3.0,0.0,3.0,0.0,0.0,0.0,-9.90,1.2,1.2,100,5.0,3.7,75,6.2,5.0,80,16.0,1.00,-9,25,0,0,66.9,0.78,5.0,3.7,75,18.0,0,10.455,62.7,6.558,94,1.44,207.7,177.7,1.00,177.7,500.0,300.0,280.5,208.3,166.4,100.0,0.000,0.000,0.000,0.000,0.000,1.00,0.00,0.00,0,-0.09,-9.00,29.7,10.8,10.0,10.0,22.2,23.7,21.2,18.7,16.2,15.0,15.0,15.0,0.0,0.0,0.0,0.0,0.0,0.0,0.0,0.0,0.0,0.0,0.0,0.0,0.0,6.4,18.0,26.5,35.0,369.41
1,7,2000,102,4,207.0,0.0,4.0,0.0,4.0,0.0,0.0,0.0,-9.90,1.2,1.2,100,4.7,3.5,75,5.9,4.7,80,15.6,1.00,-9,25,0,0,66.0,0.76,4.7,3.5,75,18.0,0,10.557,62.7,6.622,93,1.44,207.0,177.0,1.00,177.0,500.0,300.0,279.0,207.1,165.5,100.0,0.000,0.000,0.000,0.000,0.000,1.00,0.00,0.00,0,-0.09,-9.00,29.9,10.3,10.0,10.0,21.8,23.7,21.2,18.7,16.2,15.0,15.0,15.0,0.0,0.0,0.0,0.0,0.0,0.0,0.0,0.0,0.0,0.0,0.0,0.0,0.0,6.2,17.2,26.2,35.2,369.41
2,7,2000,103,4,206.0,0.0,4.0,0.0,4.0,0.0,0.0,0.0,-9.90,1.4,1.4,100,5.1,3.6,72,6.4,5.0,78,17.1,1.00,-9,28,0,0,64.9,0.74,5.1,3.6,72,18.0,0,10.652,62.7,6.682,93,1.44,206.0,176.0,1.00,176.0,500.0,300.0,284.2,211.3,168.6,100.0,0.000,0.000,0.000,0.000,0.000,1.00,0.00,0.00,0,-0.09,-9.00,29.9,10.1,10.0,10.0,20.9,23.7,21.2,18.7,16.2,15.0,15.0,15.0,0.0,0.0,0.0,0.0,0.0,0.0,0.0,0.0,0.0,0.0,0.0,0.0,0.0,6.9,20.2,29.6,39.0,369.41
3,7,2000,104,4,204.9,0.0,4.0,0.0,4.0,0.0,0.0,0.0,-9.90,1.5,1.5,100,5.2,3.6,69,6.7,5.1,76,16.8,1.00,-9,31,0,0,63.7,0.71,5.2,3.6,69,18.0,0,10.741,62.7,6.737,93,1.43,204.9,174.9,1.00,174.9,500.0,300.0,287.2,213.6,170.5,100.0,0.000,0.000,0.000,0.000,0.000,1.00,0.00,0.00,0,-0.09,-9.00,29.8,10.0,10.0,10.0,20.0,23.7,21.2,18.7,16.2,15.0,15.0,15.0,0.0,0.0,0.0,0.0,0.0,0.0,0.0,0.0,0.0,0.0,0.0,0.0,0.0,7.3,19.5,30.3,41.0,369.41
4,7,2000,105,4,204.5,0.0,4.0,0.0,4.0,0.0,0.0,0.0,-9.90,1.4,1.4,100,4.1,3.0,74,5.4,4.4,80,21.0,1.00,-9,26,0,0,62.4,0.69,4.1,3.0,74,18.0,0,10.832,62.7,6.795,93,1.43,204.5,174.5,1.00,174.5,500.0,300.0,276.7,205.3,164.1,100.0,0.000,0.000,0.000,0.000,0.000,1.00,0.00,0.00,0,-0.09,-9.00,29.9,10.0,10.0,10.0,19.6,23.7,21.2,18.7,16.2,15.0,15.0,15.0,0.0,0.0,0.0,0.0,0.0,0.0,0.0,0.0,0.0,0.0,0.0,0.0,0.0,5.9,30.0,35.5,41.0,369.41
5,7,2000,106,4,203.7,0.0,4.0,0.0,4.0,0.0,0.0,0.0,-9.90,1.6,1.6,100,4.8,3.2,68,6.3,4.8,76,17.0,1.00,-9,32,0,0,61.0,0.66,4.8,3.2,68,18.0,0,10.913,62.7,6.845,92,1.43,203.7,173.7,1.00,173.7,500.0,300.0,286.5,213.0,170.0,100.0,0.000,0.000,0.000,0.000,0.000,1.00,0.00,0.00,0,-0.09,-9.00,29.7,10.0,10.0,10.0,19.0,23.7,21.2,18.7,16.2,15.0,15.0,15.0,0.0,0.0,0.0,0.0,0.0,0.0,0.0,0.0,0.0,0.0,0.0,0.0,0.0,7.2,20.0,30.0,40.0,369.41
6,7,2000,107,4,203.2,0.0,4.0,0.0,4.0,0.0,0.0,0.0,-9.90,1.6,1.6,100,4.4,3.0,69,5.9,4.5,77,16.4,1.00,-9,31,0,0,59.4,0.63,4.4,3.0,69,18.0,0,10.991,62.7,6.894,92,1.43,203.2,173.2,1.00,173.2,500.0,300.0,284.2,211.3,168.6,100.0,0.000,0.000,0.000,0.000,0.000,1.00,0.00,0.00,0,-0.09,-9.00,29.6,10.0,10.0,10.0,18.6,23.7,21.2,18.7,16.2,15.0,15.0,15.0,0.0,0.0,0.0,0.0,0.0,0.0,0.0,0.0,0.0,0.0,0.0,0.0,0.0,6.9,18.8,28.4,38.0,369.41
7,7,2000,108,4,202.5,0.0,4.0,0.0,4.0,0.0,0.0,0.0,-9.90,1.7,1.7,100,4.4,2.9,66,6.1,4.6,76,17.5,1.00,-9,34,0,0,57.7,0.60,4.4,2.9,66,18.0,0,11.062,62.7,6.939,92,1.42,202.5,172.5,1.00,172.5,500.0,300.0,288.0,214.2,170.9,100.0,0.000,0.000,0.000,0.000,0.000,1.00,0.00,0.00,0,-0.09,-9.00,29.3,10.0,10.0,10.0,18.2,23.7,21.2,18.7,16.2,15.0,15.0,15.0,0.0,0.0,0.0,0.0,0.0,0.0,0.0,0.0,0.0,0.0,0.0,0.0,0.0,7.4,21.0,31.5,42.0,369.41
8,7,2000,109,4,202.2,0.0,4.0,0.0,4.0,0.0,0.0,0.0,-9.90,1.7,1.7,100,3.9,2.6,67,5.6,4.3,77,19.5,1.00,-9,33,0,0,55.8,0.57,3.9,2.6,67,18.0,0,11.131,62.7,6.982,92,1.42,202.2,172.2,1.00,172.2,500.0,300.0,284.2,211.3,168.6,100.0,0.000,0.000,0.000,0.000,0.000,1.00,0.00,0.00,0,-0.09,-9.00,29.1,10.0,10.0,10.0,18.1,23.7,21.2,18.7,16.2,15.0,15.0,15.0,0.0,0.0,0.0,0.0,0.0,0.0,0.0,0.0,0.0,0.0,0.0,0.0,0.0,6.9,25.0,32.0,39.0,369.41
9,7,2000,110,4,203.0,0.0,4.0,0.0,4.0,0.0,0.0,0.0,-9.90,1.3,1.3,100,2.5,1.9,76,3.8,3.2,84,15.5,1.00,-9,24,0,0,53.7,0.53,2.5,1.9,76,18.0,0,11.203,62.7,7.028,91,1.42,203.0,173.0,1.00,173.0,500.0,300.0,268.5,198.8,159.1,100.0,0.000,0.000,0.000,0.000,0.000,1.00,0.00,0.00,0,-0.09,-9.00,29.8,10.0,10.0,10.0,18.1,23.7,21.2,18.7,16.2,15.0,15.0,15.0,0.0,0.0,0.0,0.0,0.0,0.0,0.0,0.0,0.0,0.0,0.0,0.0,0.0,4.8,18.0,22.5,27.0,369.41
